address,lat,lng
320桃園縣中壢市中山東路二段44514452號,24.946637,121.244617
320桃園縣中壢市中山東路三段282號,24.9415429,121.2507154
320桃園縣中壢市中山路438號,24.9568362,121.2171058
320桃園縣中壢市中正路1096號,24.966488,121.203877
320桃園縣中壢市中正路1096號,24.966488,121.203877
320桃園縣中壢市中正路483號,24.9571032,121.2133986
320桃園縣中壢市中正路二段359號,24.9793609,121.1933873
320桃園縣中壢市中園路二段544號,25.0006689,121.2298353
320桃園縣中壢市中豐路79791號,24.9581669,24.9426008
320桃園縣中壢市五光一街1號中正路665號,24.9593641,121.2111562
320桃園縣中壢市內定二街9983號,25.0042316,121.251739
320桃園縣中壢市內定二街998之3號,25.0008217,121.2533793
320桃園縣中壢市內定二街998之3號,25.0008217,121.2533793
320桃園縣中壢市民族路4547號,24.9575705,121.2075827
320桃園縣中壢市永福路1055號,24.965236,121.2522119
320桃園縣中壢市永福路603號,24.9602972,121.2557855
320桃園縣中壢市永興街28號,24.957318,121.220415
320桃園縣中壢市吉林路132號,24.983239,121.2504892
320桃園縣中壢市吉林路6971號,24.9790361,24.9790314
320桃園縣中壢市合圳北路二段47號,24.9970939,121.2445563
320桃園縣中壢市合定路11號,24.9881295,121.2422994
320桃園縣中壢市自強一路100102號,24.9732389,121.2444036
320桃園縣中壢市自強一路2226號,24.9732389,121.2444036
320桃園縣中壢市西園路112號,24.9776068,121.2345098
320桃園縣中壢市志廣路81號,24.9608434,121.2068881
320桃園縣中壢市志廣路81號,24.9608434,121.2068881
320桃園縣中壢市延平路268270號,24.9607666,121.225614
320桃園縣中壢市忠孝路107109號,24.9801357,121.2539512
320桃園縣中壢市忠孝路335號,24.9799662,121.25389
320桃園縣中壢市新生路632號,24.9710655,121.224063
320桃園縣中壢市新生路二段332號,24.982661,121.222756
320桃園縣中壢市義民路二段157號,24.9621649,121.217646
320桃園縣中壢市榮民南路301號,24.9507639,121.2571835
320桃園縣中壢市福州一街250252號壹樓全部,24.9674845,121.2332488
320桃園縣中壢市福州二街457號,24.9681722,121.2332226
320桃園縣中壢市龍和一街240號,24.939753,121.2451935
320桃園縣中壢市龍岡路三段117號,24.9370306,121.2329004
320桃園縣中壢市龍東路264之1號,24.9308161,121.2534336
320桃園縣中壢市龍東路2號,24.928013,121.249371
320桃園縣中壢市龍東路750號,24.9383822,121.261598
320桃園縣中壢市環北路1號,24.9659939,121.216738
324桃園縣平鎮市大勇街64號,24.9274599,121.223853
324桃園縣平鎮市中豐路687號,24.9334558,121.2150525
324桃園縣平鎮市中豐路山頂段2號,24.898958,121.211593
324桃園縣平鎮市中豐路山頂段358號,24.8940152,121.2107651
324桃園縣平鎮市中豐路山頂段一巷2號,24.9064462,24.9050738
324桃園縣平鎮市民族路135號,24.9561327,121.2116822
324桃園縣平鎮市民族路雙連二段110112號,24.959748,24.958275
324桃園縣平鎮市圳南路2號,24.9242403,121.2435786
324桃園縣平鎮市自由街215217號,24.895903,121.2046489
324桃園縣平鎮市東豐路127129131號,24.917755,121.250224
324桃園縣平鎮市南平路二段526號,24.9223018,121.1914031
324桃園縣平鎮市南豐路112號,24.9002765,121.2078108
324桃園縣平鎮市南豐路259號,24.8994949,121.2049767
324桃園縣平鎮市洪圳路3782號,24.904407,121.2489224
324桃園縣平鎮市高雙路2號,24.9587437,121.191939
324桃園縣平鎮市陸光路180號,24.9453453,121.1858942
324桃園縣平鎮市陸光路180號,24.9453453,121.1858942
324桃園縣平鎮市復旦路二段206號,24.946109,121.200689
324桃園縣平鎮市廣泰路75號,24.9468838,121.2054179
324桃園縣平鎮市龍安路141號壹樓全部,24.91898,121.250484
324桃園縣平鎮市關爺西路111號,24.9320812,121.2159769
325桃園縣龍潭鄉中正路613號,24.8547157,121.2202644
325桃園縣龍潭鄉中正路上華段108110號,24.8528154,24.8534469
325桃園縣龍潭鄉中原路一段506號,24.8480099,121.1991489
325桃園縣龍潭鄉中原路三段53號,24.8285413,24.828057
325桃園縣龍潭鄉中興路209號,24.8744363,24.8744592
325桃園縣龍潭鄉中興路335號,24.8735269,121.232839
325桃園縣龍潭鄉中興路649651號,24.8745566,24.8726361
325桃園縣龍潭鄉中豐路529531號,24.8832919,24.881527
325桃園縣龍潭鄉中豐路596號,24.8857238,24.8857238
325桃園縣龍潭鄉中豐路711號,24.8884891,121.2124018
325桃園縣龍潭鄉中豐路高平段321327號,24.8325119,24.8358127
325桃園縣龍潭鄉中豐路高平段418號,24.8325119,24.8325546
325桃園縣龍潭鄉五福街3133號,24.864935,121.222298
325桃園縣龍潭鄉神龍路234236號,24.8594777,121.2136491
325桃園縣龍潭鄉聖亭路122124號壹樓部份,24.8674361,121.2072269
326桃園縣楊梅市大成路215217號,24.9133126,121.1456703
326桃園縣楊梅市中山南路558號,24.905545,24.90456
326桃園縣楊梅市幼獅路二段1號,24.930443,121.1725238
326桃園縣楊梅市幼獅路二段388號,24.9373979,24.9373949
326桃園縣楊梅市民族路五段149號,24.9587115,121.1736438
326桃園縣楊梅市民富路一段368370號,24.9186826,121.1349058
326桃園縣楊梅市和平路2號,24.9469399,24.9437017
326桃園縣楊梅市青年路二段145號,24.9301471,121.1670629
326桃園縣楊梅市高獅路899號,24.9232251,121.1687069
326桃園縣楊梅市梅高路26號壹樓全部,24.9155372,121.1443385
326桃園縣楊梅市梅獅路二段135號,24.907365,121.1764054
326桃園縣楊梅市梅獅路二段447號,24.9015929,121.1816769
326桃園縣楊梅市富岡里成功路二號,24.9349449,24.93513
326桃園縣楊梅市楊湖路一段655657號壹樓,24.9123723,121.1232471
326桃園縣楊梅市楊湖路三段604號,24.912587,121.084213
326桃園縣楊梅市楊新北路321巷30號,24.9169605,121.1558254
326桃園縣楊梅市獅二路18號,24.9367555,24.9362875
326桃園縣楊梅市瑞溪路一段218號,24.907161,121.172074
326桃園縣楊梅市瑞溪路二段102號,24.9085595,24.9075118
326桃園縣楊梅市福德街6668號壹樓部份,24.9187249,121.1858479
326桃園縣楊梅市環南路六號,24.9024371,121.1494518
327桃園縣新屋鄉中山西路3段618號,24.9889867,121.031349
327桃園縣新屋鄉中山西路三段650號,24.9891631,121.0306278
327桃園縣新屋鄉中山東路一段162號,24.9699539,24.9717472
327桃園縣新屋鄉中山路457號,24.9733268,121.0995172
327桃園縣新屋鄉中興路317號,24.973283,24.9722089
328桃園縣觀音鄉大觀路二段313號,25.042922,25.0432271
328桃園縣觀音鄉中山路二段1362號,25.0048371,121.1490781
328桃園縣觀音鄉成功路一段647號全部,25.0539834,121.1215108
328桃園縣觀音鄉成功路一段739號,25.0529034,25.05161
328桃園縣觀音鄉忠愛路三段2號,25.002059,25.002059
328桃園縣觀音鄉新生路1621號,25.0438809,121.1431
330桃園縣桃園市力行路194號,25.0009034,121.3006782
330桃園縣桃園市力行路194號,25.0009034,121.3006782
330桃園縣桃園市三民路一段99號991號,24.9996352,25.105204
330桃園縣桃園市大仁路5456號,24.972577,121.3233692
330桃園縣桃園市大有路128號,25.0063519,121.3214545
330桃園縣桃園市大有路175179號壹樓部份,25.009461,25.0169089
330桃園縣桃園市大業路一段2號,25.0134212,121.3116357
330桃園縣桃園市大業路一段397號,25.0140403,121.3117794
330桃園縣桃園市大興西路二段55號1樓之2,25.0115608,121.2989357
330桃園縣桃園市大興西路二段8號,25.0121247,121.2994429
330桃園縣桃園市大興路174號,25.0158437,121.311545
330桃園縣桃園市中平路84號,24.9883508,121.2925995
330桃園縣桃園市中正五街238號,25.0032135,121.3014613
330桃園縣桃園市中華路27號,24.9907919,121.311303
330桃園縣桃園市文中路333335號,24.9963585,24.992449
330桃園縣桃園市文中路693號,24.9932023,121.2764717
330桃園縣桃園市民生路129號,24.9929578,121.3132749
330桃園縣桃園市安慶街129131號壹樓部份,25.01808,121.2913794
330桃園縣桃園市自強路72號,24.9989669,121.317896
330桃園縣桃園市宏昌六街108號,24.988186,121.295909
330桃園縣桃園市林森路29號壹樓全部,24.9890718,121.3191589
330桃園縣桃園市長春路3739號,25.0053899,24.9763056
330桃園縣桃園市南平路280282號,25.0182949,121.298375
330桃園縣桃園市南平路280282號,25.0182949,121.298375
330桃園縣桃園市建國東路11111號,24.9861192,121.3199808
330桃園縣桃園市建國路276號,24.9850785,121.305856
330桃園縣桃園市建新街277號,24.975747,121.3094295
330桃園縣桃園市桃鶯路220號,24.9807378,121.319552
330桃園縣桃園市桃鶯路455457459號,24.9785629,121.321688
330桃園縣桃園市健行路103號壹樓,25.0226432,121.3119757
330桃園縣桃園市國聖一街166號,24.9855148,121.2884795
330桃園縣桃園市莊敬路一段304號,25.0244282,121.297378
330桃園縣桃園市莊敬路二段195號,25.0213574,121.2903494
330桃園縣桃園市復興路439號,24.9905152,121.3022615
330桃園縣桃園市慈文路115號,25.009241,121.304652
330桃園縣桃園市慈光街63號,25.005668,121.298463
330桃園縣桃園市漢中路111號,24.9830499,121.303634
330桃園縣桃園市樹仁二街4650號,24.9780449,121.3202215
330桃園縣桃園市龍壽街2028號,24.985443,121.268417
333桃園縣龜山鄉大同路358364號,24.9884009,121.3489009
333桃園縣龜山鄉山鶯路175號,24.988396,24.9904403
333桃園縣龜山鄉中興路265號,24.9909507,121.3340673
333桃園縣龜山鄉文化一路259號長庚大學據德樓1部份,25.0359072,121.3899216
333桃園縣龜山鄉文化一路259號長庚大學管理大樓壹樓,25.0307388,121.3896892
333桃園縣龜山鄉文化一路259號長庚大學管理大樓壹樓,25.0307388,121.3896892
333桃園縣龜山鄉文化一路261號長庚技術學院第一宿舍壹樓部份,25.0307388,121.3896892
333桃園縣龜山鄉文化一路73號,25.0514239,121.380351
333桃園縣龜山鄉文化二路155號,25.0531932,121.3710404
333桃園縣龜山鄉文化三路316號,25.0557977,121.3652538
333桃園縣龜山鄉文化三路9597號,25.05655,25.0591211
333桃園縣龜山鄉民生北路一段168170號,25.0406068,121.2998128
333桃園縣龜山鄉忠義路一段1041號,25.0246853,121.3522238
333桃園縣龜山鄉長庚醫護新村7880號1,25.0579271,121.3847664
333桃園縣龜山鄉頂湖23號頂湖三街2號,25.0443254,121.3610633
333桃園縣龜山鄉頂湖路1號,25.0479369,121.3597738
333桃園縣龜山鄉復興北路4345號,25.0586681,121.3697353
333桃園縣龜山鄉復興街5號,25.0616876,121.3675081
333桃園縣龜山鄉新興街255257號,25.044533,121.35549
334桃園縣八德市力行街1171號壹樓全部,24.9755977,121.2989714
334桃園縣八德市大福街86號,24.9733304,121.3000085
334桃園縣八德市大興路670號,24.9430166,121.3007319
334桃園縣八德市中山路42號,24.9292589,121.284215
334桃園縣八德市介壽路2段492號,24.9446309,121.2971519
334桃園縣八德市永豐路230號,24.9668819,121.277526
334桃園縣八德市和平路10031號,24.9577373,121.3073774
334桃園縣八德市和平路1446號,24.9699604,121.3235706
334桃園縣八德市和平路823號825巷1號,24.9597126,121.3195811
334桃園縣八德市東勇街1號,24.965837,24.965339
334桃園縣八德市東勇街1號,24.965837,24.965339
334桃園縣八德市東勇街402號,24.9653751,121.3090163
334桃園縣八德市長興路576578號,24.9325575,24.9312218
334桃園縣八德市長興路773775號,24.9325575,24.9312218
334桃園縣八德市建國路871號壹樓,24.9528412,121.2910286
334桃園縣八德市茄苳路7461號,24.9704016,121.2799929
334桃園縣八德市桃鶯路74號,24.9705629,121.3274589
334桃園縣八德市高城八街45號,24.9780585,121.2743375
334桃園縣八德市高城路68號,24.9787684,121.2760448
334桃園縣八德市國際路85號,24.9615952,121.2928129
334桃園縣八德市廣福路281283號,24.9593969,121.2922653
334桃園縣八德市廣興路7981號新興路2801號,24.9482695,121.2838703
334桃園縣八德市興豐路838840號,24.9290137,121.2862674
335桃園縣大溪鎮中華路96號壹樓部份,24.8833206,121.294855
335桃園縣大溪鎮介壽路568號,24.9104709,121.2878105
335桃園縣大溪鎮介壽路918920號,24.9064224,121.285534
335桃園縣大溪鎮石園路6810號,24.8732937,121.2629486
335桃園縣大溪鎮復興路一段268號,24.8565515,24.859524
335桃園縣大溪鎮復興路二段763號,24.8323173,121.3304216
336桃園縣復興鄉中正路2759號,24.8174159,121.3506876
337桃園縣大園鄉三民路二段4211號,25.0793606,121.2591851
337桃園縣大園鄉三民路二段591593號2,25.088595,121.252134
337桃園縣大園鄉中山北路7577號,25.0679111,121.1959582
337桃園縣大園鄉中山南路6號,25.0638401,121.1971106
337桃園縣大園鄉中正東路一段673號,25.0512526,25.0391559
337桃園縣大園鄉中正東路二段653號,25.0204369,121.230991
337桃園縣大園鄉中華路131號,25.067875,121.1999002
337桃園縣大園鄉五青路61號,25.0204137,25.0209598
337桃園縣大園鄉民生路154號,25.0810711,121.18434
337桃園縣大園鄉建國路149號,25.109167,121.24984
337桃園縣大園鄉埔心街18120號,25.0534278,121.2244741
337桃園縣大園鄉航站南路15號1入境巴士站北側,25.0806994,121.2373254
337桃園縣大園鄉航站南路15號1入境巴士站南側,25.0806994,121.2373254
337桃園縣大園鄉國際路一段218號,25.0689249,25.068925
337桃園縣大園鄉國際路三段581號,25.1079229,121.241941
337桃園縣大園鄉港口路486號,25.1010943,25.1163
337桃園縣大園鄉華興路323號１樓,25.0566389,121.195849
338桃園縣蘆竹鄉大竹北路180號,25.0315999,121.2509999
338桃園縣蘆竹鄉大華街691692號,25.039351,121.25449
338桃園縣蘆竹鄉大新路816號,25.02359,25.02359
338桃園縣蘆竹鄉光明路二段171173號,25.045273,25.0485247
338桃園縣蘆竹鄉忠孝西路169巷2號171173號,25.0403699,121.2896127
338桃園縣蘆竹鄉長興路二段22號1樓全部,25.066578,25.07307
338桃園縣蘆竹鄉長興路三段217號,25.0717601,121.2768911
338桃園縣蘆竹鄉南山路一段2729號,25.0511639,121.2886389
338桃園縣蘆竹鄉南山路一段378號,25.0577011,121.2894756
338桃園縣蘆竹鄉南山路二段166號,25.0992618,25.0729636
338桃園縣蘆竹鄉南山路二段429號,25.0710529,121.2851541
338桃園縣蘆竹鄉南工路150號,25.0558515,121.2770222
338桃園縣蘆竹鄉南工路一段14號,25.060075,121.279287
338桃園縣蘆竹鄉南昌路259號,25.0402614,121.29163
338桃園縣蘆竹鄉南崁路一段225227號,25.053046,121.287707
338桃園縣蘆竹鄉南崁路一段336號1,25.0553875,121.2826562
338桃園縣蘆竹鄉南崁路二段66號,25.058026,121.279086
338桃園縣蘆竹鄉南華一街1號,25.0441179,121.297274
338桃園縣蘆竹鄉海山路一段13號,25.0920901,121.2690767
338桃園縣蘆竹鄉海山路二段262號,25.105498,121.258117
338桃園縣蘆竹鄉富國路二段2號,25.032593,25.0325926
338桃園縣蘆竹鄉濱海路一段203號,25.1141959,121.257573
602嘉義縣番路鄉下坑村下坑４６號,23.473105,120.537873
603嘉義縣梅山鄉中山路579號,23.58746,120.549554
603嘉義縣梅山鄉梅北村中山路296號,23.5851841,120.5552948
604嘉義縣竹崎鄉中和村石棹２２之１９號,23.4730258,120.697396
604嘉義縣竹崎鄉中和村石棹２２之１９號,23.4730258,120.697396
604嘉義縣竹崎鄉紫雲村大竹圍１４之９號,23.4951536,120.5375868
606嘉義縣中埔鄉中山路5段736號,23.4517319,120.4632538
612嘉義縣太保市前潭175號,23.4526985,120.34653
612嘉義縣太保市麻太路200202號,23.4976045,120.3630169
613嘉義縣朴子市松華里牛挑灣351號,23.4143551,120.2470283
614嘉義縣東石鄉猿樹村145之1號,23.458228,120.152164
616嘉義縣新港鄉月眉村1271281號,23.5201903,120.3515267
622嘉義縣大林鎮中坑里沙崙1號,23.5837842,120.4972183
622嘉義縣大林鎮中坑里沙崙1號,23.5837842,120.4972183
622嘉義縣大林鎮平林里6鄰下潭底235號,23.5970777,23.59704
622嘉義縣大林鎮崎頂1號,23.5927614,120.5333766
671嘉義市東區吳鳳南路647號,23.455188,120.459436
671嘉義市東區林森東路239號弘道樓1樓私立興華中學,23.48931,120.464125
671嘉義市東區啟明路283號,23.484034,120.4630997
671嘉義市東區新生路798號,23.495713,120.455199
671嘉義市東區興業東路160號,23.4695763,120.4582252
671嘉義市東區體育路73號,23.473648,120.4614953
672嘉義市西區中興路1號,23.4724161,120.4287501
672嘉義市西區仁愛路584號,23.478745,120.44195
672嘉義市西區文化路87號,23.4780595,120.4497707
672嘉義市西區民族路652號,23.475627,120.444611
672嘉義市西區興業西路139號,23.468159,120.443067
500彰化縣彰化市三民路386號,24.0861039,120.547008
500彰化縣彰化市大埔路246248號,24.0647185,120.5433518
500彰化縣彰化市中山路三段706號,24.094524,120.569515
500彰化縣彰化市自強路185之2號,24.090267,120.543329
500彰化縣彰化市金馬路三段497號,24.078942,120.53016
500彰化縣彰化市南校街135號,24.0711381,120.5437227
500彰化縣彰化市南校街135號2樓,24.0711417,120.5446819
500彰化縣彰化市南校街135號5樓,24.0711417,120.5446819
500彰化縣彰化市泰和東街372號,24.0955079,120.5565228
500彰化縣彰化市辭修路515號,24.0764045,120.5326033
503彰化縣花壇鄉中山路一段72號,24.011486,120.552247
503彰化縣花壇鄉番花路5號,24.020343,120.540393
505彰化縣鹿港鎮中山路19號,24.0509137,120.4365819
505彰化縣鹿港鎮頂番里頂草路一段106號,24.0889564,120.4795729
505彰化縣鹿港鎮鹿工南一路1巷13號,24.0755975,120.4116138
505彰化縣鹿港鎮鹿工南一路1巷13號,24.0755975,120.4116138
505彰化縣鹿港鎮鹿和路四段265號,24.0902833,120.4843547
505彰化縣鹿港鎮彰濱五路二段292號,24.0747989,120.422831
505彰化縣鹿港鎮彰濱五路二段292號,24.0747989,120.422831
506彰化縣福興鄉沿海路五段2528號,24.047799,120.4300059
506彰化縣福興鄉番花路二段８６７號,24.0279452,120.4433209
507彰化縣線西鄉和線路909號,24.1293744,120.4704284
508彰化縣和美鎮彰新路三段183185187號,24.1141512,120.528755
508彰化縣和美鎮彰新路五段455號,24.1369277,120.5095019
510彰化縣員林鎮山腳路二段11號,23.9443051,120.600329
510彰化縣員林鎮山腳路三段2巷6號,23.9575748,120.6040341
510彰化縣員林鎮中山南路3840號,23.9510614,120.5716232
510彰化縣員林鎮中山路2段2號,23.9598409,120.570814
510彰化縣員林鎮員水路一段170號,23.949691,120.600889
510彰化縣員林鎮員水路一段170號,23.949691,120.600889
510彰化縣員林鎮員水路一段170號,23.949691,120.600889
511彰化縣社頭鄉山腳路4段451之123號,23.9288493,120.6026379
511彰化縣社頭鄉山腳路三段230號,23.9182521,120.6061202
514彰化縣溪湖鎮二溪路二段612號,23.958146,120.452515
514彰化縣溪湖鎮東溪里員鹿路一段253號,23.9536739,120.503931
516彰化縣埔鹽鄉中正路231號一樓233號,24.0000721,120.4633623
523彰化縣埤頭鄉文化路369號,23.8693433,120.4947373
524彰化縣溪洲鄉中山路三段371號,23.8530821,120.4950044
524彰化縣溪洲鄉中山路三段371號,23.8530821,120.4950044
302新竹縣竹北市大同街33號,24.8342552,121.0095884
302新竹縣竹北市中山路12號,24.8343981,121.025528
302新竹縣竹北市中山路413號,24.837879,121.015899
302新竹縣竹北市中正西路332號,24.8431216,120.9960903
302新竹縣竹北市中正西路671號,24.8410898,120.9857645
302新竹縣竹北市中正西路82號,24.8400651,121.0025934
302新竹縣竹北市中華路1165號,24.855537,121.001209
302新竹縣竹北市中華路348號,24.8368466,121.0053126
302新竹縣竹北市中華路67697173號,24.8325081,121.0037489
302新竹縣竹北市東興路二段68號,24.8019259,121.051582
302新竹縣竹北市莊敬三路117號,24.8249131,121.0260799
302新竹縣竹北市莊敬五街13號,24.8215051,121.0260053
302新竹縣竹北市莊敬北路427號,24.8300737,121.0264531
302新竹縣竹北市莊敬南路63號,24.8180329,121.0210566
302新竹縣竹北市博愛街336號,24.8357393,121.0082136
302新竹縣竹北市博愛街710號,24.8447833,121.0187136
302新竹縣竹北市博愛街762號,24.8459863,121.0202404
302新竹縣竹北市華興街228號,24.8386097,121.0008441
302新竹縣竹北市鳳岡路三段245號壹樓,24.8606811,120.9635619
302新竹縣竹北市鳳岡路三段260號,24.8607006,120.9629925
302新竹縣竹北市縣政九路161號,24.8286731,121.0104071
302新竹縣竹北市縣政九路215號,24.8319058,121.011947
302新竹縣竹北市縣政二路175177號,24.8262682,121.015927
302新竹縣竹北市縣政二路67號,24.8237629,121.0144165
303新竹縣湖口鄉八德路三段27號1樓部份,24.8886079,121.088955
303新竹縣湖口鄉中山路二段119號,24.902689,121.044102
303新竹縣湖口鄉中平路一段368370號,24.8993976,121.0561733
303新竹縣湖口鄉仁和路111113號,24.8730005,121.0147266
303新竹縣湖口鄉文化路65號,24.8706675,121.0153561
303新竹縣湖口鄉光復東路150號,24.8697834,121.028571
303新竹縣湖口鄉光復東路3351號,24.8675946,121.0242202
303新竹縣湖口鄉安宅一街1號,24.871573,121.0334608
303新竹縣湖口鄉明德街243號,24.902712,121.0382642
303新竹縣湖口鄉東興村21鄰德和路76巷2號壹樓,24.916803,121.048085
303新竹縣湖口鄉國強街1巷8號,24.8574126,121.009832
303新竹縣湖口鄉榮光路123號,24.860319,121.008008
303新竹縣湖口鄉榮光路158號,24.8609227,121.0121498
303新竹縣湖口鄉鳳山村鳳山崎67號,24.85671,121.015738
304新竹縣新豐鄉池府路69號,24.9112229,120.979489
304新竹縣新豐鄉池府路69號,24.9112229,120.979489
304新竹縣新豐鄉建興路一段202之1號,24.882851,120.9942378
304新竹縣新豐鄉埔和村7鄰埔頂186號,24.9328266,120.9971034
304新竹縣新豐鄉康樂路1段110號尚仁街1號,24.8668859,120.9900722
304新竹縣新豐鄉新和路128號,24.9160736,120.9830705
304新竹縣新豐鄉新興路1號,24.8638512,120.9912167
305新竹縣新埔鎮田新路408號壹樓部份,24.824929,121.077545
307新竹縣芎林鄉大華路1號,24.7770031,121.0899442
307新竹縣芎林鄉富林路三段173號,24.7713896,121.076237
307新竹縣芎林鄉福昌街393號1樓,24.750686,121.098182
308新竹縣寶山鄉雙園路二段327號,24.765367,120.9905551
310新竹縣竹東鎮中興路二段426426142624263號全部,24.7632367,121.0603513
310新竹縣竹東鎮民族路102號,24.7710185,121.0563247
310新竹縣竹東鎮竹中路131號,24.78132,121.03033
310新竹縣竹東鎮長春路二段53號,24.7380699,121.088103
310新竹縣竹東鎮朝陽路20號,24.7421468,121.0858813
313新竹縣尖石鄉嘉樂村3鄰麥樹仁99100號,24.7114717,121.2008547
381新竹市東區中央路183號,24.8085768,120.9732949
381新竹市東區中正路1號,24.802041,120.971204
381新竹市東區中正路1號,24.802041,120.971204
381新竹市東區中正路49號,24.80378,120.9707895
381新竹市東區中正路49號,24.80378,120.9707895
381新竹市東區中華路二段206號壹樓,24.8058251,120.9771551
381新竹市東區介壽路300號,24.7787878,121.0191587
381新竹市東區文昌街69號武昌街79號,24.8024911,120.967523
381新竹市東區水利路7779號一樓,24.8040386,121.0063351
381新竹市東區北大路1號,24.8136577,120.9743359
381新竹市東區北大路61號,24.811149,120.9728262
381新竹市東區民生路113號,24.8096665,120.9772536
381新竹市東區民族路74號民權路72號,24.807039,120.9760275
381新竹市東區光復路一段3234號,24.7835121,121.016761
381新竹市東區光復路一段89巷115117119號,24.7763535,121.025581
381新竹市東區光復路二段148號,24.801175,24.793358
381新竹市東區光復路二段2751號,24.801175,120.985834
381新竹市東區光復路二段962號1樓,24.8036139,24.801175
381新竹市東區西大路119號,24.796451,120.970019
381新竹市東區東美路１６８號,24.801444,121.0044009
381新竹市東區建中一路2號,24.8006594,120.9942764
381新竹市東區埔頂路586號,24.7931355,121.0156715
381新竹市東區埔頂路71號,24.7947656,121.0085771
381新竹市東區振興路83號,24.7951153,120.9615924
381新竹市東區高峰路1號,24.7801321,120.981433
381新竹市東區高峰路386巷5號,24.779503,120.981228
381新竹市東區高翠路1722號,24.7814272,120.9876366
381新竹市東區高翠路273275號,24.7771321,120.9834148
381新竹市東區經國路一段379巷1號,24.8144793,120.9790608
381新竹市東區興學街117119121號,24.7974066,24.798149
381新竹市東區關東路96號,24.783892,121.022484
382新竹市北區中山路414號,24.8003591,120.95803
382新竹市北區中和路146號壹樓,24.8021558,120.9547485
382新竹市北區中華路三段88號,24.7969463,120.961255
382新竹市北區北大路162號,24.8099081,120.967763
382新竹市北區四維路17號,24.7981991,120.962756
382新竹市北區光華二街72巷2號,24.8194021,120.9759791
382新竹市北區成功路163號,24.8095955,120.9508719
382新竹市北區成德路185號,24.7940574,120.9591006
382新竹市北區西大路4914911號,24.8025539,120.9654539
382新竹市北區西大路734號,24.8099325,120.9592136
382新竹市北區延平路一段393號,24.805224,24.8050101
382新竹市北區武陵路123號,24.8197061,24.8251367
382新竹市北區金竹路121號,24.8237152,120.9724892
382新竹市北區崧嶺路323436號,24.7892921,120.9541162
382新竹市北區湳雅街152號,24.8203922,120.9737745
382新竹市北區經國路一段442巷25號,24.815899,120.9798939
382新竹市北區經國路二段352號,24.8079831,120.957869
383新竹市香山區五福路二段707號中華大學,24.7571075,120.952429
383新竹市香山區元培街306號,24.7764221,24.7777953
383新竹市香山區牛埔東路6號,24.7996232,120.9511437
383新竹市香山區延平路二段785號,24.8072505,120.921429
383新竹市香山區明德路68號,24.7558668,120.9511878
383新竹市香山區香北路150號,24.7913437,120.9261284
383新竹市香山區富群街1921號,24.7690274,120.9575453
200基隆市仁愛區仁二路2101號,25.1290033,121.7444753
200基隆市仁愛區仁五路35號一樓,25.127235,121.740932
200基隆市仁愛區港西街7號,25.1330637,121.7399888
200基隆市仁愛區愛四路40號一樓二樓三樓,25.1286061,121.7439303
200基隆市仁愛區精一路1號,25.125668,121.740517
201基隆市信義區信二路２６８號一樓,25.1302624,121.7481291
205基隆市暖暖區源遠路243號一樓全部,25.0987778,121.7543627
206基隆市七堵區百五街43號福二街206號,25.0838951,121.6962085
206基隆市七堵區福一街170號,25.0848451,121.6948262
800高雄市新興區六合二路59號,22.6322704,120.3001008
801高雄市前金區大同二路11號,22.6271068,120.2959937
801高雄市前金區成功一路270號,22.6197645,120.295688
802高雄市苓雅區中正一路二號,22.6258351,120.3410471
802高雄市苓雅區中正一路二號,22.6258351,120.3410471
802高雄市苓雅區正言路1113號,22.632987,22.631265
802高雄市苓雅區成功一路268270號,22.615373,120.297852
802高雄市苓雅區武慶三路74及76號,22.6198482,120.3318867
802高雄市苓雅區英祥街17號,22.6167786,120.3256099
802高雄市苓雅區福德二路5號,22.6301692,120.3276619
802高雄市苓雅區廣州一街139之1及139之2號壹樓,22.623806,120.3171419
804高雄市鼓山區鼓元街84號,22.6219952,120.2715098
804高雄市鼓山區蓮海路70號,22.6270179,120.2674102
804高雄市鼓山區濱海一路109號,22.6196179,120.270364
805高雄市旗津區中洲三路480號,22.6065603,120.2736125
806高雄市前鎮區中山二路1號,22.607349,120.306777
806高雄市前鎮區中華五路９６９巷３號,22.6018021,120.3063614
806高雄市前鎮區中華五路９６９巷３號,22.6018021,120.3063614
806高雄市前鎮區光華二路80號,22.6106389,120.3175404
806高雄市前鎮區金福路9597號,22.5718777,120.3287337
806高雄市前鎮區新生路135234號及漁港北一路13號,Status: ZERO_RESULTS,NA
806高雄市前鎮區瑞福路185號,22.6090771,120.3354852
811高雄市楠梓區楠梓新路２５７２５９號一樓,22.7284139,120.3263345
811高雄市楠梓區楠梓新路２５７２５９號一樓,22.7284139,120.3263345
812高雄市小港區東林路12之5號,22.5435827,120.3748004
812高雄市小港區博學路579581號,22.5613886,22.5654827
813高雄市左營區介壽路１６號,22.6813231,120.2827397
813高雄市左營區明華一路72號及辛亥路87號,22.6629735,120.3091566
813高雄市左營區軍校路553號國軍左營總醫院1樓大廳,22.701404,120.290419
813高雄市左營區軍校路553號國軍左營總醫院1樓大廳,22.701404,120.290419
813高雄市左營區富民路350號,22.6645993,120.3053078
813高雄市左營區緯六路250252號,22.6974167,120.2875471
814高雄市仁武區八德中路180號1樓,22.6868868,120.3359535
814高雄市仁武區仁和村仁忠路86號92號1樓,22.6777983,120.3558549
814高雄市仁武區仁武村中正路１０７號,22.7015454,120.3479894
814高雄市仁武區仁雄路467號,22.6738288,120.3341581
814高雄市仁武區永宏巷2號,22.7151212,120.3407859
815高雄市大社區中山路４５９號,22.7310988,120.3539232
815高雄市大社區金龍路120號一樓,22.7274482,120.353901
820高雄市岡山區介壽西路198號,22.7844555,120.2810977
820高雄市岡山區介壽西路198號,22.7844555,120.2810977
820高雄市岡山區巨輪路1號,22.7984529,120.279903
820高雄市岡山區巨輪路1號,22.7984529,120.279903
820高雄市岡山區本洲路5547號,22.805295,120.277355
820高雄市岡山區筧橋路1號,22.7880006,120.2958933
821高雄市路竹區中正路３１號1樓,22.857122,120.2611181
821高雄市路竹區復興路319號,22.8481446,120.2730207
824高雄市燕巢區中興北路16號,22.7941573,120.3615083
825高雄市橋頭區仕豐路111之7號,22.7495212,120.3060094
828高雄市永安區維新路1551號,22.810409,22.8082264
830高雄市鳳山區力行路８１８３號,22.6389574,120.3677315
830高雄市鳳山區中山路203號,22.6239939,120.3570176
830高雄市鳳山區五福二路82號,22.588166,120.32593
830高雄市鳳山區文化路71號69之6號,22.6339899,120.353557
830高雄市鳳山區文衡路248號壹樓,22.6388682,120.3564703
830高雄市鳳山區文衡路528號,22.6413576,120.3484524
830高雄市鳳山區光復路二段229號,22.6293265,120.3442891
830高雄市鳳山區自強一路177號,22.5920391,120.3286119
830高雄市鳳山區自強二路88號1樓,22.5954513,120.3277101
830高雄市鳳山區高鳳一路1號,22.5897935,120.3660563
830高雄市鳳山區凱旋路18號,22.6101091,120.3529702
830高雄市鳳山區博愛路351號,22.630866,120.367877
830高雄市鳳山區維武路1號,22.6191678,120.3656522
830高雄市鳳山區鳳育路2號及和成路５１９１號,22.5941129,120.3428692
830高雄市鳳山區鳳頂路1000號105大樓,Status: ZERO_RESULTS,NA
830高雄市鳳山區鳳頂路1000號教勤營大樓,22.5976331,120.3636545
830高雄市鳳山區鳳頂路１７１號１樓,22.5882204,120.3580977
831高雄市大寮區大寮路830號,22.590891,120.4183517
831高雄市大寮區中正路22號,22.6185219,120.3875642
831高雄市大寮區中庄村中庄路1號,22.6343179,120.395265
831高雄市大寮區光明路一段678號,22.5716282,120.4208079
831高雄市大寮區光明路二段11號一樓,22.6015966,120.4174775
831高雄市大寮區林厝路９６號,22.6141713,120.4077827
831高雄市大寮區後庄村成功路60號,22.637338,120.3913583
831高雄市大寮區琉球村琉球路102之23號,22.6159552,120.4113605
831高雄市大寮區琉球村農場路1之10號,22.6061784,120.4268037
831高雄市大寮區會結里會結路50之11號1樓,22.5536702,120.4248616
831高雄市大寮區鳳林三路9799101號,22.6127883,120.3901054
831高雄市大寮區鳳屏二路848688號,22.640754,22.6411536
831高雄市大寮區潮寮里華中南路8之1號壹樓,22.5595698,120.4278719
832高雄市林園區忠孝西路３５號及福興街１８２號,22.5067415,120.3940604
832高雄市林園區東林西路356號,22.5037757,120.3867537
833高雄市鳥松區仁美里神農路7201號,22.6477831,120.3965264
833高雄市鳥松區本館路279號1樓,22.6524961,120.3399883
840高雄市大樹區大坑路14011號,22.7100619,120.439683
842高雄市旗山區華興路2號,22.9513122,120.5099582
843高雄市美濃區合和里成功路218號,22.8929525,120.5493107
846高雄市杉林區大愛路1號,22.9667598,120.5438961
350苗栗縣竹南鎮中山路166號,24.6865431,120.880684
350苗栗縣竹南鎮中美里5鄰西門10號,24.6836635,120.8635224
350苗栗縣竹南鎮中華路4號,24.7066088,120.9258144
350苗栗縣竹南鎮公義路245號,24.7010604,120.883074
351苗栗縣頭份鎮中正一路185號,24.686572,120.9289958
351苗栗縣頭份鎮中正一路401號,24.685724,120.9358663
351苗栗縣頭份鎮中正二路192號,24.6804233,120.9462956
351苗栗縣頭份鎮斗煥里1991號,24.6807037,24.677921
351苗栗縣頭份鎮日新街42號,24.6864408,120.9105197
351苗栗縣頭份鎮自強路108號,24.6889024,120.9100293
351苗栗縣頭份鎮忠孝二路128號,24.6931094,120.9103916
351苗栗縣頭份鎮珊湖里學府路110號,24.6829439,120.9702322
356苗栗縣後龍鎮中山路350號,24.6109511,120.796368
356苗栗縣後龍鎮水尾里8鄰水尾673號,24.633658,120.763397
356苗栗縣後龍鎮光華路421號,24.612544,120.794038
356苗栗縣後龍鎮新民里12鄰中心路12012121號,24.6132877,120.81429
356苗栗縣後龍鎮溪洲里7鄰砂崙湖79之9號,24.62365,120.781973
358苗栗縣苑裡鎮介壽路2之7號,24.4434126,120.6483897
358苗栗縣苑裡鎮為公路67號,24.4430931,120.6522818
358苗栗縣苑裡鎮新復里9鄰新復13213號,24.4281774,24.4277608
360苗栗縣苗栗市中正路1378號,24.5413564,120.8170395
360苗栗縣苗栗市中正路807號,24.5529249,120.8175667
360苗栗縣苗栗市光復路161號,24.5554761,120.8163648
360苗栗縣苗栗市至公路528號,24.5654926,120.8111644
360苗栗縣苗栗市府前路177號,24.559794,120.817855
360苗栗縣苗栗市為公路4446號,24.571679,120.831361
360苗栗縣苗栗市國華路311號,24.5754676,120.8250002
360苗栗縣苗栗市國華路750號,24.57229,120.814804
361苗栗縣造橋鄉學府路99號,24.6484885,120.8431332
363苗栗縣公館鄉五谷村13鄰五谷9213號,24.527233,24.5209005
363苗栗縣公館鄉五谷村211213號,24.5251317,24.5209005
363苗栗縣公館鄉近光路92號,24.503392,120.8274676
364苗栗縣大湖鄉富興村八寮灣3738號,24.430388,120.869626
365苗栗縣泰安鄉清安村1鄰洗水坑31號,24.4462597,120.9059508
365苗栗縣泰安鄉錦水村4鄰圓墩75號,24.4670558,24.4661189
366苗栗縣銅鑼鄉中正路96號,24.486391,120.78715
367苗栗縣三義鄉水美路210號,24.3993075,120.7620515
367苗栗縣三義鄉雙湖村15鄰雙湖118號,24.4193265,120.773398
540南投縣南投市中興路221號,23.93351,120.694255
540南投縣南投市光華十路61號,23.9496942,120.6934004
540南投縣南投市南崗三路240號,23.9305635,120.6676057
542南投縣草屯鎮芬草路二段561號,23.9949951,120.6658167
542南投縣草屯鎮博愛路1321號,23.990714,120.6681239
542南投縣草屯鎮新豐路298號,23.9956111,120.6796828
544南投縣國姓鄉中正路一段1001號,24.0237017,120.8263194
545南投縣埔里鎮中山路一段176號,23.9780667,121.0063382
545南投縣埔里鎮中山路四段178號,23.9725837,120.927408
551南投縣名間鄉濁水村員集路3317號,23.831137,120.712094
557南投縣竹山鎮自強路1號,23.7538954,120.6776174
558南投縣鹿谷鄉內湖村森林巷102號,23.674263,120.7982803
208新北市金山區中正路26號,25.2222218,121.6356778
220新北市板橋區大觀路3段160巷31弄1號,24.993883,121.430116
220新北市板橋區大觀路二段142之2號,24.9989892,121.4421239
220新北市板橋區中山路1段50巷5號,25.0089704,121.4611936
220新北市板橋區中正路341巷37號,25.019818,121.454072
220新北市板橋區仁化街186號一樓全部,25.0341219,121.4787519
220新北市板橋區公館街110號一樓全部,25.0168495,121.4609636
220新北市板橋區文化路二段408號,25.0316193,121.4741558
220新北市板橋區文化路二段439之1號,25.0332729,121.4749353
220新北市板橋區文化路二段78號,25.02513,121.469545
220新北市板橋區四川路一段391號1,24.9971823,121.4583421
220新北市板橋區四川路一段483一樓485號一二三樓,24.997187,121.457203
220新北市板橋區四維路234號一樓,25.02805,121.4636791
220新北市板橋區民治街57巷2號59號,25.0333895,121.4795916
220新北市板橋區永豐街511512號一樓全部,25.0212337,121.4785099
220新北市板橋區江寧路3段53號,25.0321057,121.4716951
220新北市板橋區幸褔路70巷1號,25.020089,121.460723
220新北市板橋區府中路24號,25.009713,121.459737
220新北市板橋區松江街74號,25.0278583,121.4687211
220新北市板橋區長江路2段2號一樓,25.0311903,121.4643803
220新北市板橋區南雅東路100巷3號一樓,25.007991,121.453694
220新北市板橋區南雅南路二段9號,25.0027695,121.4544054
220新北市板橋區重慶路245巷61號,25.0010349,121.465508
220新北市板橋區重慶路290巷9號,24.9986076,121.4611714
220新北市板橋區國泰街35號,25.006655,121.468526
220新北市板橋區國慶路180號,24.9961505,121.4627309
220新北市板橋區莊敬路248號,25.0213744,121.473774
220新北市板橋區莊敬路77號,25.0267917,121.4729894
220新北市板橋區華興街90號,25.005364,121.456884
220新北市板橋區陽明街52號自由路1號,25.0223398,121.4652689
220新北市板橋區新海路393395號一樓全部,25.0236733,25.0265801
220新北市板橋區僑中一街124巷11弄13號一樓全部,25.012965,121.4454611
220新北市板橋區僑中一街125巷8弄2號,25.0110935,121.4451362
220新北市板橋區龍興街73巷24號1樓,25.002505,121.443022
220新北市板橋區雙十路2段45號,25.026102,121.476428
220新北市板橋區雙十路二段167號,25.028364,121.474149
220新北市板橋區雙十路二段167號,25.028364,121.474149
220新北市板橋區雙十路三段121416號,25.0318088,121.4708664
220新北市板橋區雙十路三段29號,25.0314835,121.4707172
221新北市汐止區中興路156號,25.065022,121.632573
221新北市汐止區忠三街19號,25.0785829,121.6252709
221新北市汐止區保一街41號,25.080185,121.674324
221新北市汐止區南陽街261號,25.0567125,121.6276253
221新北市汐止區連興街26號,25.0636729,121.655098
221新北市汐止區新台五路一段75號1,25.060764,121.64546
221新北市汐止區新台五路一段94號一樓東方科學園區,25.0612645,121.6487765
221新北市汐止區福德一路270號,25.063907,121.6323392
221新北市汐止區福德一路610號,25.0589844,121.625457
222新北市深坑區北深路二段5759號,25.001996,121.614039
223新北市石碇區湳窟路2號,24.99201,121.6628784
223新北市石碇區豐林里楓子林62號,25.0080185,121.6428012
223新北市石碇區豐林里楓子林62號石碇服務區,25.0089811,121.6454234
231新北市新店區中正路282之10號,24.9739751,121.538614
231新北市新店區中正路362號,24.976293,121.5357523
231新北市新店區中正路525號,24.9853662,121.5334926
231新北市新店區中興路3段304號,24.985381,121.542459
231新北市新店區民族路112號,24.9770572,121.5368906
231新北市新店區安民街136號,24.9695233,121.5166058
231新北市新店區安民街336號及安和路二段205巷6號,24.9750262,121.5172406
231新北市新店區安和路三段60之1號,24.9828391,121.5181971
231新北市新店區安康路三段277號,24.9516875,121.4864549
231新北市新店區安康路三段277號,24.9516875,121.4864549
231新北市新店區建國路154號,24.9793805,121.5386328
231新北市新店區建國路43號及建安街1號,24.975138,24.9815761
231新北市新店區新和街77號及79號,24.9861689,121.520596
234新北市永和區中正路560號,25.0058623,121.5172356
234新北市永和區永平路164號,25.0089119,121.5109143
234新北市永和區永和路二段217號,25.0140892,121.5153965
234新北市永和區竹林路65號,25.0138039,121.518526
234新北市永和區秀朗路1段201號,25.0034336,121.5182465
234新北市永和區秀朗路一段201號,25.0034336,121.5182465
234新北市永和區秀朗路二段293號,24.9978147,121.5263043
234新北市永和區福和路7巷11弄16號,25.0076773,121.5258016
235新北市中和區大智街55巷30弄581號,24.9934371,121.5221842
235新北市中和區中山路2段352號,25.002716,121.492964
235新北市中和區中和路414號,25.0030685,121.5116053
235新北市中和區水源路73號,25.0035344,121.5058525
235新北市中和區永和路343號,25.011846,121.483593
235新北市中和區立德街26巷1號及28號,25.0068439,121.4897619
235新北市中和區自治街38號及40號,25.0031909,121.475239
235新北市中和區信義街50號,24.9885839,121.5112247
235新北市中和區建八路116號,24.9984653,121.4882981
235新北市中和區員山路5027號,25.0078709,121.479729
235新北市中和區員山路5027號,25.0078709,121.479729
235新北市中和區員山路581巷2號,25.00949,121.4781894
235新北市中和區員山路86號及88號,24.994243,121.480954
235新北市中和區泰和街10號,25.0011469,121.4998257
235新北市中和區莊敬路29號,25.004753,121.5001784
235新北市中和區連城路47巷1號,25.001723,121.498232
235新北市中和區景安路152號,24.9931401,121.5047241
235新北市中和區華新街143巷12號,24.9799183,121.5060253
235新北市中和區圓通路246號,24.9922054,121.4945007
235新北市中和區新生街225號及227號,24.9992823,121.4838073
235新北市中和區橋和路99及101號,25.0056489,121.490632
235新北市中和區興南路二段118號,24.983912,121.5044334
235新北市中和區錦和路216號,24.9943707,121.4903754
236新北市土城區中央路4段56號,24.9605395,121.4200417
236新北市土城區中正路8號,24.9749289,121.442671
236新北市土城區延吉街300號及302號,24.9840781,121.4643263
236新北市土城區延吉街96號,24.98637,121.470481
236新北市土城區延和路66號及68號,24.989126,121.465889
236新北市土城區明德路一段51號,24.9847428,121.4653091
236新北市土城區青仁路27及29號,24.978964,121.4605029
236新北市土城區青雲路380巷1號,24.972325,121.4557677
236新北市土城區青雲路585之2號,24.971534,121.4593735
236新北市土城區裕民路240號及242號,24.983502,121.4539879
236新北市土城區廣明街50號,24.9926772,121.4556885
236新北市土城區學成路80號及82號,24.9886339,121.4508842
236新北市土城區學府路一段139及141號,24.9862256,121.4536588
237新北市三峽區大勇路2之1號,24.938766,121.366929
237新北市三峽區中正路一段751號,24.929841,121.374877
237新北市三峽區中正路二段331之1號,24.910182,121.3662081
237新北市三峽區文化路63號及65巷2號,24.9360869,24.9360636
238新北市樹林區三俊街254號,25.0147582,121.4214701
238新北市樹林區三俊街721號,25.0155864,121.4133468
238新北市樹林區千歲街90號,24.997791,121.426482
238新北市樹林區中正路791號,25.0161269,121.4097272
238新北市樹林區中興街60號及中山路108巷57號,24.9916933,121.4212597
238新北市樹林區太平路150巷38號,24.9776069,121.4174171
238新北市樹林區民權街1號,24.9568915,121.3953874
238新北市樹林區味王街3號,24.9748024,121.404453
238新北市樹林區味王街3號及7號,24.974762,24.9748024
238新北市樹林區忠孝街45號47號49號,24.982006,24.981771
238新北市樹林區東榮街123號及125號,24.9820022,121.4150587
238新北市樹林區保安街一段183號,24.995645,121.421205
238新北市樹林區柑園街一段49號,24.9601489,121.4031234
238新北市樹林區柑園街二段294號及292號,24.9520189,121.373838
238新北市樹林區博愛街248號,24.9850038,121.4233061
238新北市樹林區博愛街8486號,24.9873807,24.985017
238新北市樹林區復興路385號,24.986711,121.416592
239新北市鶯歌區大湖路532534號,24.9726169,121.345838
239新北市鶯歌區重慶街29號,24.9525119,121.351702
239新北市鶯歌區德昌街50號,24.959925,121.333175
239新北市鶯歌區鶯桃路541號,24.9676241,121.3305775
241新北市三重區二重疏洪道疏洪十六路重新橋下,25.0505161,121.4820596
241新北市三重區二重疏洪道疏洪十六路重新橋下,25.0505161,121.4820596
241新北市三重區力行路二段51號,25.0744533,121.4821811
241新北市三重區三民街100102號,25.067592,121.480111
241新北市三重區三和路三段137號,25.07355,121.492644
241新北市三重區三和路四段233號,25.0799339,121.481188
241新北市三重區三陽路59號,25.059028,121.48452
241新北市三重區大仁街78號,25.0653031,121.4924741
241新北市三重區大同北路91號,25.0637971,121.4945732
241新北市三重區大同南路148號1樓,25.0579029,121.496691
241新北市三重區大同南路1531531號,25.0612379,121.4956184
241新北市三重區大同南路69號,25.0596551,121.4958551
241新北市三重區中央北路132號,25.0679411,121.4997496
241新北市三重區中央北路2號,25.0637623,121.5008971
241新北市三重區中央北路68號,25.0662057,121.5002581
241新北市三重區中央南路93號,25.0606308,121.5013494
241新北市三重區中正北路105號,25.0633499,121.4895786
241新北市三重區中正北路25巷5號及7號,25.06312,121.490063
241新北市三重區中正北路282號及284號1樓全部,25.0685762,121.4806229
241新北市三重區中正北路415號及417號1樓全部,25.0632111,121.4883805
241新北市三重區中正北路518號,25.0715619,121.472047
241新北市三重區中正北路66號,25.0644769,121.4864906
241新北市三重區中華路18號,25.060768,121.483372
241新北市三重區中興北街134號,25.055791,121.4688983
241新北市三重區中興北街153號,25.054792,121.469273
241新北市三重區中興北街153號,25.054792,121.469273
241新北市三重區中興北街195197號,25.059017,121.4693
241新北市三重區中興北街42號,25.0494059,121.469375
241新北市三重區五華街125號,25.084156,121.491309
241新北市三重區五華街60號,25.0813701,121.4940397
241新北市三重區五華街72號,25.0819476,121.4933112
241新北市三重區仁化街118120號,25.06009,25.0581069
241新北市三重區仁安街2號,25.0841395,121.4854181
241新北市三重區仁美街106號,25.0806571,121.4855866
241新北市三重區仁愛街253號,25.0782596,121.4933395
241新北市三重區仁愛街331號,25.0797184,121.4922488
241新北市三重區仁愛街390號,25.080966,121.4909323
241新北市三重區仁愛街70號,25.073171,121.495541
241新北市三重區仁義街209號,25.0818501,121.4968953
241新北市三重區仁興街39巷41411412號,25.0764093,121.500717
241新北市三重區文化北路10號,25.0637144,121.4993755
241新北市三重區文化北路75號,25.0668729,121.4985317
241新北市三重區正義北路280號,25.0691725,121.4955413
241新北市三重區永福街11號,25.0783086,121.4822521
241新北市三重區永福街258號,25.0748069,121.484146
241新北市三重區永福街97號及99號,25.0775682,121.4795132
241新北市三重區光復路一段85852號,25.0526559,121.4723448
241新北市三重區光復路二段51號,25.0559165,121.472555
241新北市三重區光華路17號,25.0600019,121.469445
241新北市三重區安慶街203之1號,25.0683213,121.4927778
241新北市三重區自強路一段164166號,25.0663392,121.4954608
241新北市三重區車路頭街35號,25.0715144,121.4837972
241新北市三重區忠孝路三段50巷98號,25.064436,121.483459
241新北市三重區重陽路四段132134號,25.070222,121.492238
241新北市三重區重新路2段29號,25.0622673,121.4976331
241新北市三重區重新路三段2號,25.0614422,121.4954565
241新北市三重區重新路三段98及100號,25.06051,25.059894
241新北市三重區重新路五段609巷16之7號,25.046434,121.468163
241新北市三重區重新路五段656號,25.04299,121.466942
241新北市三重區重新路四段176號,25.055313,121.4865
241新北市三重區重新路四段244巷40號,25.053726,121.487615
241新北市三重區重新路四段89號,25.0556565,121.4861277
241新北市三重區進安街76號,25.084549,121.495939
241新北市三重區溪尾街１０８巷５８號,25.0780483,121.4869004
241新北市三重區溪尾街122號,25.079219,121.4894684
241新北市三重區溪尾街192號,25.0808422,121.488233
241新北市三重區溪尾街314316318號,25.0814613,121.4881363
241新北市三重區福德南路23號,25.062843,121.502554
241新北市三重區龍門路176號,25.0734138,121.4991699
241新北市三重區龍濱路21號及23號,25.0678893,121.5029998
241新北市三重區環河南路221巷14號及16號1樓全部,25.0529054,25.052758
242新北市新莊區中正路510號,25.0336491,121.433255
242新北市新莊區中正路891之51891之52號,25.0223389,121.4129739
242新北市新莊區中和街19號,25.0436985,121.4480491
242新北市新莊區中和街19號,25.0436985,121.4480491
242新北市新莊區中信街20號一樓全部22號一樓部份,25.050973,121.4507899
242新北市新莊區中誠街161號及163號一樓全部,25.047273,121.448411
242新北市新莊區中誠街44號,25.0482043,121.4513193
242新北市新莊區化成路1317號一樓全部,25.0654596,121.4652013
242新北市新莊區化成路205號,25.05101,121.465759
242新北市新莊區化成路738740號,25.0469749,121.46622
242新北市新莊區化成路85號,25.046536,121.465321
242新北市新莊區民樂街8082號一樓,25.0442501,121.4580545
242新北市新莊區自信街77號75巷2號,25.0482939,25.0481857
242新北市新莊區幸福路562號,25.0494539,121.4545503
242新北市新莊區昌隆街5號壹樓,25.0510239,121.4538999
242新北市新莊區思源路127號,25.0429644,121.4595886
242新北市新莊區復興路二段31號,25.0441895,121.4542204
242新北市新莊區新樹路210號,25.0205095,121.4337528
242新北市新莊區新豐街11號,25.0340322,121.4480544
242新北市新莊區裕民街83之6號,25.0236452,121.4186316
242新北市新莊區福壽街188號一樓全部190號一樓全部,25.0531969,25.0532728
242新北市新莊區福營路336338號,25.029254,121.426438
242新北市新莊區豐年街118之1號,25.0302712,121.4463986
242新北市新莊區雙鳳路53號一樓全部,25.0271158,121.4157107
242新北市新莊區瓊林南路133號,25.0124609,121.4343756
242新北市新莊區瓊泰路49號,25.0284969,121.443537
243新北市泰山區明志路二段324326號一樓,25.0458977,121.4261204
243新北市泰山區黎專路22號,25.0661384,121.4185005
244新北市林口區文化一路一段52號1樓部份,25.0696099,121.3714979
244新北市林口區文化三路一段613615號1樓全部,25.0701575,121.3625232
244新北市林口區粉寮路一段101號,25.0820518,121.3999488
244新北市林口區粉寮路一段75巷80號,25.0792185,121.3971781
244新北市林口區粉寮路一段75巷80號醒吾中學合作社販賣部,25.0796518,121.3956935
247新北市蘆洲區中山一路2932931號全部,25.0815941,121.4756369
247新北市蘆洲區正和街47號,25.0813978,121.4692433
247新北市蘆洲區民權路113號,25.0896361,121.4722597
247新北市蘆洲區永平街30號,25.0909323,121.4588792
247新北市蘆洲區永樂街38巷3234號,25.0895825,121.4583256
247新北市蘆洲區光榮路6870號一樓全部,25.088289,25.088348
247新北市蘆洲區長安街66號,25.0800979,121.4628206
247新北市蘆洲區長樂路22號,25.085317,121.4637432
247新北市蘆洲區信義路35號,25.0794779,121.4743427
247新北市蘆洲區集賢路226號,25.0865097,121.4823132
247新北市蘆洲區鷺江街69號一樓,25.082828,121.4772296
248新北市五股區中興路二段13號,25.0744681,121.4628219
248新北市五股區五工五路18號,25.0639833,121.4530336
248新北市五股區五工六路28號,25.0636482,121.4483721
248新北市五股區五福路810號一樓全部,25.0911792,121.4322135
248新北市五股區五權路42之1號,25.0679273,121.4515814
248新北市五股區四維路153號,25.0746282,121.4677938
248新北市五股區成泰路1段10號,25.0674308,121.4345538
248新北市五股區成泰路一段175號憲兵學校教學區,25.075527,121.4349062
248新北市五股區成泰路二段91巷8號,25.0897949,25.0879512
248新北市五股區成泰路三段1751751號,25.0936181,121.4466587
248新北市五股區西雲路134134之1號一樓,25.0899679,121.4424677
248新北市五股區西雲路1號,25.0899679,121.4424677
249新北市八里區中山路一段131號一樓,25.1592538,121.4133096
249新北市八里區中山路一段177號,25.1584525,121.4121498
249新北市八里區商港路4648號,25.1510473,121.3909316
249新北市八里區龍米路一段215217號,25.133297,121.451002
249新北市八里區龍米路二段35號,25.1401738,121.4484569
251新北市淡水區中正路1號淡水站33號販賣店,25.1681584,25.1681131
251新北市淡水區水源街２段１９４號地下一樓全部,25.1754712,121.4642766
251新北市淡水區北新路137139號1,25.1778279,121.4444894
251新北市淡水區北新路165167號,25.1789178,25.1792069
251新北市淡水區民權路47號,25.139759,121.4604693
251新北市淡水區竹圍里民族路48號,25.1361206,121.4616759
251新北市淡水區真理街26號私立淡江中學體育館1,25.175639,121.4356614
251新北市淡水區真理街26號私立淡江中學體育館1,25.175639,121.4356614
251新北市淡水區真理街26號私立淡江中學體育館1,25.175639,121.4356614
251新北市淡水區真理街32號,25.1753936,121.4347493
251新北市淡水區淡金路18號,25.160083,121.457261
251新北市淡水區淡金路5段2022號,25.232389,121.453489
251新北市淡水區新市一路一段104巷6號1樓,25.185652,121.4306935
251新北市淡水區學府路4547號1樓全部,25.1765294,121.4474042
251新北市淡水區濱海路一段221號金湯川溫泉汽旅區會館區一樓,25.1892014,25.189575
252新北市三芝區中正路一段68號,25.2577119,121.5039685
900屏東縣屏東市大連路60號,22.682129,120.502622
900屏東縣屏東市中山路128號,22.6816351,120.4847529
900屏東縣屏東市民族路75號,22.669817,120.48932
900屏東縣屏東市民學路100號,22.6735313,120.5030699
900屏東縣屏東市建國路113之2號,22.6633424,120.4878489
900屏東縣屏東市莊敬街一段５６號,22.683344,120.5018228
900屏東縣屏東市勝利路330號,22.6787016,120.4728015
900屏東縣屏東市瑞光路二段252號,22.679108,120.507416
907屏東縣鹽埔鄉新二村維新路20號,22.7266921,120.5421113
907屏東縣鹽埔鄉新圍村維新路112之1號,22.741416,120.557487
908屏東縣長治鄉農科路23號,22.7127719,120.537136
912屏東縣內埔鄉美和村學人路２９１號,22.5998636,120.5597612
923屏東縣萬巒鄉萬金村營區路1號,22.6114187,120.6256614
927屏東縣林邊鄉仁和村4鄰中山路187號,22.433214,120.516432
928屏東縣東港鎮嘉蓮路1之3號壹樓,22.4591493,120.4504548
944屏東縣車城鄉福興村中山路15號,22.0725243,120.7141665
946屏東縣恆春鎮恆南路29之8號,21.9917867,120.7469957
946屏東縣恆春鎮恆南路29之8號,21.9917867,120.7469957
946屏東縣恆春鎮墾丁路198號,21.94543,120.798052
946屏東縣恆春鎮墾丁路198號,21.94543,120.798052
946屏東縣恆春鎮墾丁路27號,21.9431946,120.801936
946屏東縣恆春鎮墾丁路27號,21.9431946,120.801936
400台中市中區雙十路一段271272273號,24.1403582,120.685615
401台中市東區十甲路442號十甲東路665號,24.14434,120.709014
402台中市南區工學里工學路169號,24.116938,120.6589781
402台中市南區五權南一路52號,24.112566,120.66978
402台中市南區文心南路821號,24.112337,120.6578927
402台中市南區忠孝路166號,24.129719,120.682494
402台中市南區美村南路261263號,24.114913,120.666691
402台中市南區復興路二段17511752號,24.1225713,24.127437
402台中市南區樹德里12鄰大慶街二段27號,24.115677,120.650295
402台中市南區興大路300號,24.118903,120.671618
403台中市西區民生路109111號,24.1443333,120.6617258
403台中市西區忠誠街103105號,24.1524714,120.6593931
403台中市西區英才路510號,24.1509091,120.6649282
404台中市北區太平路22號,24.1477827,120.6853696
404台中市北區太平路22號,24.1477827,120.6853696
404台中市北區太平路72號,24.1488037,120.6825117
404台中市北區民權路470號,24.1582493,120.6706342
404台中市北區永興街281283號,24.1649735,120.6825265
406台中市北屯區中清路1102號,24.1912395,120.6609027
406台中市北屯區同榮路151153號,24.1988748,120.6636776
406台中市北屯區后庄路481號,24.1932663,120.671385
406台中市北屯區東山路一段146146之1號,24.1704881,120.6980293
406台中市北屯區東山路一段35號,24.170427,120.698992
406台中市北屯區軍功路二段130號,24.1784192,120.7196752
406台中市北屯區部子路666號,24.1725268,120.736065
407台中市西屯區大墩18街112號,24.1557759,24.158335
407台中市西屯區大墩二十街51號,24.1584779,120.6544872
407台中市西屯區中工二路212號,24.176222,120.6155511
407台中市西屯區中工二路212號,24.176222,120.6155511
407台中市西屯區文心路３段９１號,24.1668326,120.652502
407台中市西屯區文華路100號育樂館,24.1800438,24.1799388
407台中市西屯區西屯路三段15850號,24.1879563,120.6189246
407台中市西屯區西屯路三段17325號,24.1906623,120.5956453
407台中市西屯區逢甲路2號,24.1789905,120.6463779
407台中市西屯區逢福里逢大路15號,24.1764615,120.6501837
407台中市西屯區僑光路100號1僑光科大,24.1890513,120.6443696
407台中市西屯區福科路541號,24.1852359,120.61706
408台中市南屯區大墩路161號,24.1408843,120.6497233
408台中市南屯區大墩路161號,24.1408843,120.6497233
408台中市南屯區大墩路161號,24.1408843,120.6497233
408台中市南屯區大墩路161號,24.1408843,120.6497233
408台中市南屯區五權西路三段350號,24.1621233,120.6060857
408台中市南屯區文心南五路327329號,24.1322335,24.1493375
408台中市南屯區市政南二路161號,24.1556851,120.6359383
408台中市南屯區精科路11號2,24.1469319,120.6042554
408台中市南屯區黎明路一段129號,24.1150729,120.6262275
411台中市太平區中山路4段135137號,24.148059,24.148059
411台中市太平區中山路二段348號,24.1504771,24.1499769
411台中市太平區永平路三段146148號,24.125457,120.7073658
411台中市太平區永豐路258號,24.1227446,24.1174958
411台中市太平區光德路379號,24.108226,120.724909
411台中市太平區光興路2288號,24.1314317,120.7378797
411台中市太平區宜昌路302號,24.1430855,120.7129794
411台中市太平區部仔坑26號,24.158382,24.158382
411台中市太平區樹孝路6365號,24.157427,120.720072
411台中市太平區鵬儀路296巷1號,24.1244373,120.7269336
412台中市大里區中興路一段187189191號,24.0923119,120.691044
412台中市大里區仁化路243247號,24.0956502,120.7056136
412台中市大里區仁化路2號,24.091645,120.729687
412台中市大里區成功二路5759號,24.0915457,120.7034558
412台中市大里區東榮路358號,24.110434,120.6839683
412台中市大里區東榮路486488號,24.1100311,120.682592
412台中市大里區益民路一段311號1,24.1060543,120.691159
412台中市大里區爽文路306號1樓,24.0979849,120.6747009
414台中市烏日區中山路一段218號,24.1090299,120.641586
414台中市烏日區中山路三段548號,24.1112667,120.5989474
414台中市烏日區五光路178號,24.0953192,120.6549675
414台中市烏日區五光路708號,24.0964402,120.6384838
414台中市烏日區太明北路2號,24.0593753,120.6447617
414台中市烏日區高鐵五路161號,24.1163662,120.614563
414台中市烏日區溪南路一段228230號,24.0805382,120.6433473
414台中市烏日區溪壩村環中路八段162號,24.08578,24.0613436
420台中市豐原區三民路86號,24.2538359,120.7206968
420台中市豐原區中山路418號,24.247194,120.715335
420台中市豐原區安康路100號,24.2428051,120.7252423
420台中市豐原區成功路148150號,24.2507728,120.7061334
420台中市豐原區建成路115號,24.2516527,120.706084
420台中市豐原區豐南街58號,24.2393845,120.7134884
421台中市后里區三豐路4291號,24.3183857,120.7231148
421台中市后里區三豐路4291號瑞晶電子,24.318325,120.7240967
421台中市后里區甲后路10491051號,24.3088576,120.7220997
421台中市后里區甲后路897號,24.3138311,120.6926382
421台中市后里區安眉路113號,24.3303535,120.7128026
421台中市后里區安眉路113號,24.3303535,120.7128026
421台中市后里區安眉路113號,24.3303535,120.7128026
421台中市后里區安眉路113號,24.3303535,120.7128026
421台中市后里區安眉路11531號,24.3335279,120.7200139
421台中市后里區安眉路11531號,24.3335279,120.7200139
421台中市后里區雲頭路33號,24.3207354,120.7021489
421台中市后里區雲頭路33號,24.3207354,120.7021489
421台中市后里區雲頭路33號,24.3207354,120.7021489
421台中市后里區雲頭路33號,24.3207354,120.7021489
426台中市新社區興社街一段235號,24.2042617,120.8214966
426台中市新社區興社街二段32之5號,24.2330547,120.8112918
427台中市潭子區潭興路一段165巷320號,24.1971374,120.7180982
428台中市大雅區中清路四段600號,24.2362349,120.6349927
428台中市大雅區中清路四段600號,24.2362349,120.6349927
428台中市大雅區平和路83號,24.2286769,120.630722
428台中市大雅區雅潭路182號,24.2169213,24.2247001
428台中市大雅區雅環路二段346348號,24.2291359,120.647816
429台中市神岡區大洲路23號,24.2630115,120.6989424
429台中市神岡區中山路1590號,24.2589119,120.6556249
429台中市神岡區和睦路一段285號,24.2767589,120.6588733
429台中市神岡區神林路886號,24.2504852,120.6561251
432台中市大肚區自由路2129號,24.1484298,24.1538088
433台中市沙鹿區中山路294296號,24.244008,120.5617899
433台中市沙鹿區中清路44號,24.2491043,120.6021703
433台中市沙鹿區中棲路54號,24.228019,24.2360073
433台中市沙鹿區北勢東路557號,24.227517,120.574561
435台中市梧棲區大智路二段253號,24.258846,120.535531
435台中市梧棲區中央路1段625號,24.242584,120.536852
435台中市梧棲區中棲路一段398號,24.244788,120.551685
436台中市清水區中華路405407號,24.273224,120.5690009
436台中市清水區民族路二段368號,24.265256,120.554943
436台中市清水區菁埔里中山路563號,24.3011268,120.5957935
437台中市大甲區中山路二段5845號,24.3904367,120.6538657
437台中市大甲區幼獅路一號一樓,24.409399,120.643886
437台中市大甲區東陽新村71號,24.3403681,120.6298622
437台中市大甲區東陽新村71號,24.3403681,120.6298622
437台中市大甲區經國路1932號,24.3811177,120.651522
437台中市大甲區經國路407號,24.3492883,120.6168804
437台中市大甲區經國路407號,24.3492883,120.6168804
437台中市大甲區彈正路一號,24.3554761,120.6318885
700台南市中西區西門路一段580號,22.9862967,120.1976876
701台南市東區大同路一段59號,22.9874733,120.2114172
701台南市東區林森路二段１９２巷２９號,22.989705,120.225199
701台南市東區林森路二段79號,22.9881969,22.9901188
701台南市東區崇德路９８６號一樓,22.959549,120.2274423
701台南市東區勝利路41號,22.9885884,120.2173332
701台南市東區富農街二段1號,22.9849556,120.2355644
702台南市南區中華南路二段298296294號1樓,22.9617842,120.1839426
702台南市南區永華路269號文南路349號,22.9875231,120.1914579
702台南市南區西門路一段277號,22.9765837,120.1974936
702台南市南區新建路37巷2號1樓,22.9687201,120.1857623
702台南市南區德興路1號3號及新都路467號,22.9671029,120.1923319
704台南市北區南園街103號,23.0077385,120.2256024
704台南市北區開元路444號,23.0110042,120.2263303
704台南市北區臨安路2段215號,23.0040051,120.1997447
708台南市安平區永華路二段6號,22.9922633,120.185
708台南市安平區安北路405407號,22.9973024,120.1469204
710台南市永康區中山南路193號,23.0145585,120.2335483
710台南市永康區中正北路314號,23.0415846,120.2476551
710台南市永康區中正南路649號,23.0374011,120.232365
710台南市永康區中正南路867869號,23.0397934,120.2355796
710台南市永康區中正路581號,23.0401282,120.2382166
710台南市永康區中正路890號一樓,23.0393155,120.2394506
710台南市永康區復興里5鄰復興路405號,22.9983536,120.2401713
711台南市歸仁區南丁路188號,22.9784448,120.2795878
715台南市楠西區中正路211號,23.1753225,120.4860491
717台南市仁德區中正路一段３４０號,22.9244322,120.2398964
719台南市龍崎區楠坑121號關廟服務區北上,22.9297437,22.929142
719台南市龍崎區楠坑121號關廟服務區南下,22.9297437,120.3515108
719台南市龍崎區楠坑里楠坑121號關廟服務區北上,22.9297437,22.929142
719台南市龍崎區楠坑里楠坑121號關廟服務區南下,22.9276375,120.3508389
720台南市官田區二鎮里工業路21號,23.2090501,120.3229869
721台南市麻豆區麻口里135號,23.1758272,120.2243734
721台南市麻豆區寮部里寮子部166之17號,23.1895886,120.2783203
722台南市佳里區六安里六安117之46號,23.1811539,120.1832964
724台南市七股區大潭村台潭25號,23.1876097,120.1327255
725台南市將軍區西華村5鄰西華6723號,23.1992172,120.1563546
730台南市新營區中興路62號,23.2981992,120.315116
732台南市白河區內角里２號,23.3962625,120.4465049
732台南市白河區關嶺里關子嶺391號,23.334414,120.5034
732台南市白河區關嶺里關子嶺391號,23.334414,120.5034
733台南市東山區枋子林746號,23.2866172,120.3983135
733台南市東山區枋子林74之6號,23.2866172,120.3983135
737台南市鹽水區朝琴路178號,23.3245939,120.2746661
745台南市安定區六嘉村32之1號,23.0809393,120.2206207
100台北市中正區八德路一段82巷7號,25.0436556,121.5318257
100台北市中正區中山南路7號1,25.0402741,25.0439998
100台北市中正區中山南路8號1,25.0442304,121.5188189
100台北市中正區中華路二段33號,25.0355293,121.5066832
100台北市中正區市民大道三段8號,25.0450357,121.5319312
100台北市中正區辛亥路一段39號41號,25.01954,25.019516
100台北市中正區延平南路210號,25.0347891,121.5074548
100台北市中正區忠孝西路1段171號台北東站,25.0471568,121.5146154
100台北市中正區忠孝西路一段173號台北西站,25.0471125,121.5155622
100台北市中正區南海路1214號,25.0281495,121.5082881
100台北市中正區泉州街3133號寧波西街104號一樓,25.0295378,121.5142129
100台北市中正區牯嶺街117號一樓,25.0251827,121.5191686
100台北市中正區常德街1號,25.0416163,121.5171944
100台北市中正區常德街1號1,25.0416163,121.5171944
100台北市中正區紹興南街4之12號,25.043401,121.5246815
100台北市中正區博愛路131號1,25.0462643,25.036767
100台北市中正區衡陽路103號,25.042317,121.50923
100台北市中正區館前路36號一樓,25.0444838,121.5148784
100台北市中正區館前路45號,25.0451013,121.5151364
100台北市中正區寶慶路35號,25.041551,121.510343
103台北市大同區市民大道一段209號,25.049116,121.5185352
103台北市大同區市民大道一段209號,25.049116,121.5185352
103台北市大同區市民大道一段209號,25.049116,121.5185352
103台北市大同區西寧北路35號,25.053534,121.508842
103台北市大同區延平北路3段40號,25.06461,121.51105
103台北市大同區延平北路二段2551號,25.062618,121.51144
103台北市大同區承德路3段290號,25.0739858,121.5194279
103台北市大同區昌吉街63號,25.0660144,121.5147094
103台北市大同區南京西路30號,25.0525979,121.5198723
103台北市大同區南京西路63號,25.0531606,121.5189895
103台北市大同區南京西路64巷9弄2號,25.052382,121.5188426
103台北市大同區哈密街59巷21號,25.0747509,121.5158243
103台北市大同區迪化街一段50號,25.055113,121.509936
103台北市大同區迪化街一段50號,25.055113,121.509936
103台北市大同區重慶北路一段24號,25.0506722,121.5134641
103台北市大同區重慶北路一段63號,25.0517173,121.5141269
103台北市大同區酒泉街15號,25.0707698,121.5196474
103台北市大同區歸綏街183號,25.058291,121.512797
104台北市中山區中山北路二段137巷2號,25.0616516,121.5236871
104台北市中山區中山北路二段65巷13號,25.0571417,121.5240264
104台北市中山區中山北路三段40號,25.0671544,121.521804
104台北市中山區中原街77號,25.0590182,25.0600946
104台北市中山區天祥路70號,25.0623963,121.5208391
104台北市中山區民生西路2號,25.0577564,121.5224387
104台北市中山區民生西路3巷2號,25.0581333,121.521676
104台北市中山區民生西路62號,25.0575608,121.5209315
104台北市中山區民權東路3段7號,25.0625575,121.5412421
104台北市中山區明水路397巷7弄32號,25.077875,121.549742
104台北市中山區林森北路101號,25.0501796,121.5250228
104台北市中山區松江路186之1號,25.0456563,25.05673
104台北市中山區松江路27號,25.0473413,121.5331999
104台北市中山區松江路50號,25.0482203,121.5327313
104台北市中山區長安東路二段118號,25.048314,121.5361931
104台北市中山區長安東路二段1717號,25.0483219,121.535239
104台北市中山區長春路208號,25.0547627,25.0546727
104台北市中山區農安街160號,25.0646471,25.0646895
104台北市中山區德惠街109號,25.0666976,25.0664998
104台北市中山區德惠街167巷2號,25.0666329,121.5230583
104台北市中山區錦州街32號,25.0602645,121.5248916
105台北市松山區八德路3段119號,25.0482864,121.5541045
105台北市松山區八德路三段12巷51弄2號,25.0461295,121.5507689
105台北市松山區民權東路五段32號,25.0628389,121.5644404
105台北市松山區光復北路102號,25.0506768,121.5576901
105台北市松山區南京東路5段250巷31號,25.0506789,121.5660032
105台北市松山區南京東路5段61號及63號,25.0517366,25.0512633
105台北市松山區南京東路五段34號,25.0512633,121.5592325
105台北市松山區健康路325巷12弄2號,25.0554501,121.5673544
105台北市松山區寧安街12號,25.0497049,121.554371
105台北市松山區寧安街12號,25.0497049,121.554371
105台北市松山區撫遠街369巷36號,25.0642816,121.5659155
105台北市松山區饒河街35號,25.0502406,121.5729345
106台北市大安區仁愛路4段112巷7號,25.0369015,121.5497413
106台北市大安區仁愛路4段300巷15號,25.0367051,121.554503
106台北市大安區光復南路290巷25號251號,25.0393188,121.5563923
106台北市大安區光復南路98號之3之5,25.0440859,121.557536
106台北市大安區安居街15號1樓全部,25.0209341,121.5550549
106台北市大安區安東街50之250之350之4號,25.0431009,121.5423952
106台北市大安區和平東路1段129號,25.0267613,121.529678
106台北市大安區和平東路1段162號國立師範大學樂智樓一樓部分,25.0249859,25.0260598
106台北市大安區延吉街130號,25.0401258,121.5547181
106台北市大安區延吉街131巷43號,25.0429465,121.5558172
106台北市大安區忠孝東路4段181巷8號,25.0420675,121.5507001
106台北市大安區忠孝東路三段287號,25.041866,121.5429922
106台北市大安區杭州南路二段5號,25.0345665,121.5240337
106台北市大安區信義路四段186巷8號,25.0322561,121.5514468
106台北市大安區信義路四段186巷8號原福利社位置,25.0322561,121.5514468
106台北市大安區建國南路一段337號,25.0345389,121.538247
106台北市大安區復興南路2段148號1樓全部,25.0282598,121.5432178
106台北市大安區復興南路一段135巷21號,25.042657,121.5452215
106台北市大安區復興南路一段265號,25.035928,121.54397
106台北市大安區臨江街40巷2號,25.0295779,121.5561092
106台北市大安區羅斯福路二段75之1號,25.0264577,121.5231794
108台北市萬華區民和街9號,25.0262644,121.499882
108台北市萬華區西園路二段134136138號,25.0311274,121.4964864
108台北市萬華區西寧南路36之6971727374號,25.0452425,121.5064943
108台北市萬華區長沙街二段50號,25.040593,121.50597
108台北市萬華區梧州街29號,25.0374727,121.4977184
108台北市萬華區梧州街55號,25.036017,121.497664
108台北市萬華區廣州街213號及西園路一段170號,25.0368976,121.4992236
108台北市萬華區廣州街247號,25.0368717,121.4974311
108台北市萬華區德昌街241243245號,25.0244996,121.4974625
108台北市萬華區雙園街69號,25.0302454,121.4939555
110台北市信義區中坡北路1719號,25.0471478,121.5805967
110台北市信義區市府路1號市政大樓地下二樓,25.0375886,121.563746
110台北市信義區永吉路125號一樓,25.0458868,121.570224
110台北市信義區永吉路280號,25.045371,121.574254
110台北市信義區忠孝東路5段63號,25.0412374,121.566674
110台北市信義區忠孝東路5段63號,25.0412374,121.566674
110台北市信義區林口街36號,25.0377966,121.5795226
110台北市信義區松山路11號1層商業空間,Status: ZERO_RESULTS,NA
110台北市信義區松山路537號及541巷1號,25.0378024,121.5782583
110台北市信義區松壽路6號,25.035487,121.564467
110台北市信義區松壽路6號,25.035487,121.564467
110台北市信義區松壽路6號,25.035487,121.564467
110台北市信義區虎林街164巷60弄2號一樓部份,25.0379879,121.574488
110台北市信義區信義路5段20號,25.0329323,121.5637286
110台北市信義區基隆路一段350之4143號一樓,25.036955,121.56155
110台北市信義區基隆路一段350之4143號一樓,25.036955,121.56155
110台北市信義區基隆路一段350之4143號一樓,25.036955,121.56155
110台北市信義區莊敬路290號一樓全部,25.028519,121.563021
110台北市信義區福德街266號,25.038884,121.5858921
111台北市士林區大東路7號,25.0866243,121.5253557
111台北市士林區中山北路5段250號,25.0860676,121.5275514
111台北市士林區中山北路七段186號,25.1247132,121.5330577
111台北市士林區中山北路六段431之4號1樓,25.1142952,121.5271246
111台北市士林區延平北路9段212號,25.1081175,121.4711915
111台北市士林區延平北路五段138號,25.0822512,121.5104983
111台北市士林區社子街142144號,25.08796,121.505418
111台北市士林區社子街63巷2號,25.087589,121.5068955
111台北市士林區社正路27號,25.0887358,121.5091529
111台北市士林區社正路75號,25.0890239,121.5108245
111台北市士林區雨聲街105號,25.1053329,121.5317621
111台北市士林區劍潭路62號,25.0833869,121.5213464
112台北市北投區中央北路4段8號,25.1355412,121.4787739
112台北市北投區中央北路二段70號,25.1395051,121.4915912
112台北市北投區中央北路三段４４４６號,25.1376156,121.483687
112台北市北投區中央南路二段5號及7號,25.125917,121.5005439
112台北市北投區中和街402號,25.1435712,121.4981713
112台北市北投區中和街41號,25.138069,121.502641
112台北市北投區北投路2段55號,25.1333929,121.4968898
112台北市北投區石牌路二段201號,25.1192105,121.5203822
112台北市北投區石牌路二段201號,25.1192105,121.5203822
112台北市北投區立德路60號及立功街135號,25.1255559,25.1255553
112台北市北投區行義路1421及1423號1,25.1397823,121.530519
112台北市北投區知行路314號,25.1225061,121.4671857
112台北市北投區泉源路221號,25.1448466,121.5269802
112台北市北投區清江路53及55號,25.1307289,121.502048
112台北市北投區義理街96號及立農街2段292號,25.1185686,25.123002
112台北市北投區裕民六路120號,25.114535,121.5176482
112台北市北投區學園路2號,25.133617,121.468879
112台北市北投區懷德街5號,25.1113681,121.5191516
114台北市內湖區大湖山莊街179號1樓,25.0881987,121.6011837
114台北市內湖區內湖路一段120巷16號一樓全部,25.0826268,121.5626348
114台北市內湖區文湖街21巷16號,25.0866356,121.560659
114台北市內湖區民權東路6段117號一樓全部,25.0691104,121.5922007
114台北市內湖區民權東路6段296巷68號,25.0702168,121.6089198
114台北市內湖區民權東路六段123巷3032號,25.0704432,121.5928677
114台北市內湖區民權東路六段１６１號,25.0713277,121.5956493
114台北市內湖區民權東路六段58號,25.0686244,121.584652
114台北市內湖區民權東路六段697175號,25.0688287,121.5871038
114台北市內湖區安泰街2628號一樓全部,25.0769573,121.6161891
114台北市內湖區安康路142號,25.0628349,121.600146
114台北市內湖區成功路二段318之1號,25.0674986,121.5904674
114台北市內湖區成功路五段420巷79號,25.0756413,121.6085523
114台北市內湖區江南街111號,25.0764841,121.576377
114台北市內湖區行善路33及31號,25.0566049,121.576046
114台北市內湖區行愛路141巷39號地下一樓,25.0653084,25.0630659
114台北市內湖區東湖路121號,25.0682585,121.6165404
114台北市內湖區金湖路3583581號,25.0804416,121.5983288
114台北市內湖區金湖路403號,25.0733579,121.6042392
114台北市內湖區金龍路6466號壹樓全部,25.085632,121.5903854
114台北市內湖區基湖路35巷11號一樓全部,25.079826,121.5651466
114台北市內湖區康寧路3段155號,25.0704601,121.6115889
114台北市內湖區康樂街92號,25.0706289,121.6189659
114台北市內湖區陽光街347號,25.0730972,121.5776974
114台北市內湖區新明路2412411號,25.059526,121.589077
114台北市內湖區新湖二路160162號一樓全部,25.0621805,121.5783852
114台北市內湖區瑞光路188巷60號,25.0736246,121.5761687
114台北市內湖區瑞光路５０２號１樓之１,25.0792844,121.5680764
114台北市內湖區瑞光路513巷36號一樓全部,25.0802427,121.5699824
114台北市內湖區瑞光路66巷33號,25.0697778,121.5813294
114台北市內湖區舊宗路一段188號,25.0629017,121.5758964
115台北市南港區中坡北路50巷1號,25.046577,121.580902
115台北市南港區玉成街27號,25.05051,121.581897
115台北市南港區同德路87號,25.0465327,121.5860755
115台北市南港區忠孝東路七段639號,25.053389,121.616143
115台北市南港區忠孝東路六段252號,25.0488439,121.588313
115台北市南港區昆陽街99號,25.0514882,121.5937896
115台北市南港區南港路一段313號地下二樓商場,25.0534491,121.6072456
115台北市南港區南港路二段24號,25.0543334,121.6055845
115台北市南港區南港路三段810號一樓全部,25.0514969,121.58018
115台北市南港區研究院路二段110號一樓,25.0426597,121.6165656
115台北市南港區經貿二路1號,25.0560908,121.61759
115台北市南港區經貿二路1號,25.0560908,121.61759
115台北市南港區舊莊街一段212巷2號一樓全部,25.038283,121.6223631
116台北市文山區木柵路一段8號,24.986619,121.5461559
116台北市文山區木新路二段163號,24.9838349,121.56877
116台北市文山區木新路三段232巷6弄18號,24.9819405,121.5597153
116台北市文山區汀州路四段88號,25.0080629,121.5366277
116台北市文山區指南路二段32號,24.9877685,121.5747344
116台北市文山區指南路二段64號,24.9873313,121.5761281
116台北市文山區指南路二段64號四樓,24.9873313,121.5761281
116台北市文山區指南路段38巷35號,24.9689141,121.5882972
116台北市文山區景福街230巷2號,24.993702,121.539022
116台北市文山區新光路二段３０號,24.9983469,121.5810358
116台北市文山區新光路二段３０號,24.9983469,121.5810358
116台北市文山區試院路104號,24.9900523,121.5476329
116台北市文山區興隆路2段203巷16號,25.0021272,121.5487035
116台北市文山區興隆路3段58號,24.9999506,121.5560518
116台北市文山區羅斯福路五段203號,25.002386,121.539052
260宜蘭縣宜蘭市民族路396號,24.75011,121.743506
260宜蘭縣宜蘭市林森路20號,24.7536165,121.7598938
260宜蘭縣宜蘭市校舍路29巷28號,24.7504311,121.7633136
260宜蘭縣宜蘭市復興路一段8890號,24.7487356,121.7509696
262宜蘭縣礁溪鄉林美村林尾路160號,24.8162257,121.7220999
263宜蘭縣壯圍鄉功勞村1鄰中央路三段312巷7號,24.7596524,121.793226
264宜蘭縣員山鄉枕山村枕山路11760號,24.7771871,121.7155399
265宜蘭縣羅東鎮中山路三段1號一樓部份,24.674726,121.7740439
265宜蘭縣羅東鎮東安里27鄰傳藝路三段201號,24.6781431,121.777464
265宜蘭縣羅東鎮樹人里公正路342號一樓全部,24.6807713,121.7607593
266宜蘭縣三星鄉月眉村三星路四段438號一樓全部,24.6667503,121.6539667
270宜蘭縣蘇澳鎮海山西路270號一樓全部,24.615962,121.827488
270宜蘭縣蘇澳鎮馬賽路439號,24.6189876,121.8288415
270宜蘭縣蘇澳鎮蘇花路二段268號一樓之部份,24.4645527,121.8005826
631雲林縣大埤鄉尚義村延平路三段582584號,23.6333621,120.4682376
632雲林縣虎尾鎮大屯266號,23.7017417,120.3877838
632雲林縣虎尾鎮光復路422號,23.7105522,120.4353429
632雲林縣虎尾鎮成平街21號,23.71066,120.4454154
632雲林縣虎尾鎮埒內8081號,23.7208013,120.4454314
633雲林縣土庫鎮復興路90號,23.6823945,120.3901785
637雲林縣崙背鄉大有村158之3號,23.75888,23.7587932
640雲林縣斗六市大學路三段233號,23.6948833,120.5275343
640雲林縣斗六市中正路212號,23.7034512,120.5444475
640雲林縣斗六市仁義路158號,23.6734664,120.5370568
640雲林縣斗六市北平路1號,23.712632,120.5348766
640雲林縣斗六市民生路160號,23.7116324,120.5420668
640雲林縣斗六市民生路187號,23.7116837,120.5413656
640雲林縣斗六市石榴路85號,23.7229513,120.5834578
640雲林縣斗六市明德路453455號,23.698823,120.5353849
640雲林縣斗六市南聖路78巷4749號,23.7006165,120.556601
640雲林縣斗六市萬年路632號,23.732464,120.5531609
640雲林縣斗六市鎮北路64號,23.7127862,120.5433448
640雲林縣斗六市鎮南路1001號,23.6896578,120.5463514
646雲林縣古坑鄉崁腳村五鄰新興100號,23.608447,120.5445746
646雲林縣古坑鄉崁腳村五鄰新興100號,23.608447,120.5445746
646雲林縣古坑鄉崁腳村五鄰新興100號,23.608447,120.5445746
647雲林縣莿桐鄉中正路165號,23.7576093,120.4960862
647雲林縣莿桐鄉義和村三和路13711372號,23.775376,120.479193
648雲林縣西螺鎮振興里1號,23.7886839,120.4774374
648雲林縣西螺鎮振興里1號,23.7886839,120.4774374
648雲林縣西螺鎮振興里1號,23.7886839,120.4774374
648雲林縣西螺鎮振興里2號,23.79111,120.471062
648雲林縣西螺鎮振興里2號,23.79111,120.471062
648雲林縣西螺鎮振興里2號,23.79111,120.471062
648雲林縣西螺鎮福來路142號,23.7886954,120.4483102
