popup,lat,lng
臺北市中正區忠孝西路1段120號1樓,25.0473639,121.5117532
臺北市中正區信義路2段163號,25.0340699,121.528913
臺北市萬華區漢中街173號,25.0413279,121.507015
臺北市萬華區長沙街2段156、158、160、162號,25.0407539,121.5010289
臺北市萬華區廣州街67號,25.0366019,121.5046124
臺北市中正區重慶南路2段43號,25.0318307,121.5146612
臺北市中正區廈門街76號,25.0246327,121.5173708
臺北市大安區和平東路1段155號,25.026618,121.53114
臺北市中正區忠孝西路1段1號,25.0459863,121.519409
臺北市中山區中山北路1段142號,25.0514825,121.522115
臺北市大同區迪化街1段38號,25.054789,121.509986
臺北市大同區重慶北路2段15號,25.0546485,121.5144792
臺北市中正區北平東路2號(行政院內),25.0466755,121.5215467
臺北市中正區羅斯福路4段74號(B1),25.0144181,121.5344946
臺北市中正區博愛路168號之1,25.039177,121.51098
臺北市中正區重慶南路1段122號(總統府內),25.0400826,121.5119547
臺北市中山區中山北路2段96號,25.0594178,121.5225276
臺北市松山區八德路4段626號,25.0498136,121.5741652
臺北市中正區博愛路127號(司法大廈內),25.038017,121.512141
臺北市大同區民權西路246號,25.0627732,121.5127173
臺北市大安區和平東路1段162號,25.0259513,121.5274888
臺北市大安區羅斯福路4段1號(台灣大學內),25.0186352,121.5374334
臺北市大安區仁愛路3段47號,25.0386721,121.5356019
臺北市中正區濟南路1段1號,25.043252,121.5198947
臺北市大安區信義路4段74號,25.0330759,121.5464175
臺北市中山區建國北路2段33號,25.0550136,121.5373028
臺北市士林區文林路162號,25.089177,121.5268704
臺北市文山區羅斯福路6段389號,24.9927249,121.5409233
臺北市中正區南昌路2段232號,25.0236748,121.5247112
臺北市萬華區東園街148、150號,25.0233783,121.4975532
臺北市大安區新生北路1段7之2號,25.0448483,121.5331935
臺北市中正區信陽街8號,25.0445958,121.5159941
臺北市中山區復興北路40號,25.0495707,121.5437786
臺北市萬華區莒光路210號,25.0313869,121.501124
臺北市松山區八德路3段240號,25.047932,121.557611
臺北市中山區北安路518巷14弄18、20號,25.0790058,121.5454534
臺北市中正區忠孝西路1段120號1樓,25.0473639,121.5117532
臺北市士林區延平北路5段150號,25.0824998,121.5104478
臺北市大安區信義路4段337號,25.0334299,121.556385
臺北市大安區四維路198巷38弄12號,25.026504,121.545929
臺北市松山區敦化北路340-9號(松山機場內 ),25.0630038,121.5519946
臺北市中山區長安東路2段97號,25.0485868,121.5348468
臺北市大同區承德路3段83號,25.0658588,121.5186145
臺北市松山區南京東路5段311號,25.0515829,121.5667019
臺北市信義區市府路1號地下2樓(台北市政府內),25.0375417,121.5644327
臺北市大同區重慶北路3段338號,25.07606,121.5136689
臺北市信義區松德路300號,25.0320543,121.574243
臺北市士林區中山北路7段130號,25.1226571,121.5321676
臺北市大安區大安路1段52巷16號,25.0430487,121.5456144
臺北市信義區莊敬路418號之1,25.0270985,121.5663467
臺北市中山區松江路364號,25.0620648,121.5329644
臺北市松山區民生東路5段12號,25.0581482,121.5559691
臺北市大安區和平東路3段208號,25.0228652,121.553841
臺北市中正區廣州街15號,25.0359087,121.5081728
臺北市士林區至善路2段221號(故宮博物院內),25.1023554,121.5484925
臺北市大同區重慶北路2段183號,25.0599141,121.5137663
臺北市中正區南海路49號(歷史博物館),25.031454,121.511227
臺北市中正區北平西路3號(台北火車站內),25.0471482,121.5175462
臺北市中山區林森北路573號,25.0649927,121.5258114
臺北市中山區長春路129號之2,25.0549646,121.5305561
臺北市中山區民權西路22號,25.0626417,121.5218074
臺北市萬華區桂林路51號,25.0380929,121.5041441
臺北市中正區汀州路3段301號,25.011816,121.5358871
臺北市中正區和平西路2段68號,25.0291916,121.5115604
臺北市士林區中正路420號,25.0935053,121.5195942
臺北市萬華區萬大路524號,25.01887,121.496784
臺北市文山區興隆路2段171號,25.0006045,121.5489904
臺北市士林區福港街149巷2號,25.0874552,121.5181781
臺北市信義區永吉路168號1樓,25.0455053,121.5710135
臺北市萬華區和平西路3段310號,25.0352842,121.4930323
臺北市信義區逸仙路46號,25.040346,121.561762
臺北市松山區儲匯：南京東路3段346號  郵務：南京東路3段346號後棟,25.0515509,121.5480709
臺北市大安區忠孝東路3段150、152、154號,25.0415227,121.5380818
臺北市士林區忠誠路1段52號,25.1046156,121.5268735
臺北市中正區杭州南路1段23號之3,25.0424074,121.5265416
臺北市士林區臨溪路70號(東吳大學內),25.0952273,121.5457421
臺北市松山區民生東路5段191號,25.0592051,121.5657055
臺北市大安區基隆路4段43號(台灣科技大學內),25.0136906,121.5406792
臺北市大安區愛國東路216號,25.0318173,121.5245671
臺北市中正區中山南路21號(中正紀念堂內),25.035008,121.5210501
臺北市文山區羅斯福路5段147號,25.004192,121.539013
臺北市萬華區國興路34、36、38號,25.0249068,121.5081939
臺北市大安區安和路2段61、63號,25.0307687,121.5525742
臺北市文山區汀州路4段88號(師大分部內),25.0081215,121.5359759
臺北市信義區忠孝東路5段464、466號,25.040661,121.576702
臺北市中正區忠孝東路1段2號(監察院東側，面向鎮江街),25.0448038,121.5213616
臺北市松山區民權東路3段124之1、2號,25.0619081,121.5457453
臺北市中山區北安路630巷10號,25.0826554,121.5498429
臺北市士林區士東路286巷36號,25.1114041,121.5373205
臺北市士林區士東路190號,25.1125099,121.5330572
臺北市中正區中華路1段53號,25.0433213,121.5089941
臺北市大安區忠孝東路4段170巷9號,25.040612,121.5508815
臺北市信義區信義路5段5號(世貿中心內),25.033155,121.562347
臺北市中正區廣州街2號,25.0349956,121.5100869
臺北市文山區興隆路3段178、180號,24.9981144,121.5586625
臺北市中山區復興北路210、212號,25.0563272,121.5439148
臺北市中正區中山南路7號(台大醫院內),25.0406784,121.518969
臺北市士林區明溪街15號,25.107,121.565204
臺北市大安區信義路3段89號,25.0337246,121.5383024
臺北市松山區民生東路4段54之2號,25.0577378,121.5511622
臺北市中正區徐州路5號地下一樓(中央聯合辦公大樓內),25.0422099,121.51947
臺北市中山區龍江路335號,25.0630229,121.5410744
臺北市中山區北安路409號,25.079796,121.5432099
臺北市士林區基河路14號,25.0817353,121.5239063
臺北市北投區紗帽路139之1號,25.1513391,121.5459902
臺北市士林區華岡路55號,25.1377176,121.5410056
臺北市士林區延平北路6段197號,25.089378,121.505847
臺北市信義區松廉路76號(信義投遞中心),25.0338059,121.5672239
臺北市士林區至誠路2段70號,25.1017472,121.5283279
臺北市北投區光明路181號,25.1357587,121.5029471
臺北市北投區石牌路2段93-2號,25.1173631,121.5163968
臺北市北投區知行路293巷9弄11號,25.121555,121.4668855
臺北市北投區中央南路1段201號,25.1285071,121.5013167
臺北市北投區石牌路2段201號,25.1192105,121.5203822
臺北市北投區文林北路96號,25.1056629,121.517672
臺北市北投區中和街408號,25.1437118,121.4981032
臺北市北投區實踐街48巷11號,25.1145713,121.5093483
臺北市北投區致遠一路1段121號,25.1100915,121.514895
臺北市北投區文化三路8號,25.1373865,121.4974688
臺北市北投區明德路210號,25.113253,121.5221483
臺北市北投區尊賢街247-4號,25.1175046,121.5068224
臺北市北投區公館路271號,25.125136,121.50766
臺北市北投區中央北路2段329號,25.1383282,121.4892558
臺北市北投區中央北路4段529號,25.1278777,121.4679751
臺北市北投區立農街2段155號,25.1196326,121.5133357
臺北市內湖區民權東路6段83號,25.0693178,121.5880759
臺北市內湖區內湖路2段225號,25.0818017,121.5888831
臺北市內湖區新明路380巷4弄4號,25.0551068,121.5800544
臺北市內湖區文德路26號,25.0782557,121.5797027
臺北市內湖區內湖路3段131號,25.086778,121.589985
臺北市內湖區內湖路1段331號,25.0823131,121.5682973
臺北市內湖區康樂街16號,25.0681908,121.6178712
臺北市內湖區大湖街166巷2號,25.084317,121.6005599
臺北市內湖區瑞光路316巷1號,25.0765239,121.574047
臺北市內湖區內湖路1段91巷2-1號,25.0847519,121.5614324
臺北市內湖區舊宗路1段189號,25.0622756,121.5779816
臺北市內湖區康寧路3段22號之1,25.0723614,121.6075176
臺北市內湖區成功路2段325號2樓,25.0718315,121.5899564
臺北市南港區忠孝東路6段400、402、404、406號,25.049868,121.592612
臺北市南港區研究院路2段108號,25.0428717,121.6165245
臺北市南港區南港路3段184號,25.0532733,121.5870406
臺北市南港區研究院路1段44號,25.053552,121.616129
臺北市南港區同德路85巷2號,25.0462253,121.585664
臺北市南港區南港路2段78號,25.0538742,121.6034144
臺北市南港區福德街314、316號,25.0394256,121.58771
臺北市南港區忠孝東路5段994號,25.0448713,121.582693
臺北市文山區木柵路3段27號,24.98851,121.565528
臺北市文山區指南路2段115號,24.9875757,121.5762679
臺北市文山區木柵路1段119號,24.9873466,121.5485265
臺北市文山區木新路3段329號,24.9804345,121.556331
新北市石碇區碇坪路1段78-80號,24.9862436,121.6663383
新北市深坑區北深路3段30號,25.0012477,121.6091976
臺北市文山區木柵路1段17巷1號,24.9884933,121.5425268
臺北市中正區杭州南路１段24號1樓(交通部大樓國際會議廳),25.0376107,121.5246665
臺北市文山區木新路3段25號,24.9825009,121.5647256
臺北市文山區指南路2段64號(國立政治大學藝文中心內),24.982066,121.572512
新北市石碇區豐田里華梵路1號,24.9796898,121.6919943
新北市深坑區北深路3段264號之1,25.0045344,121.5991767
新北市平溪區平溪街42號,25.0258552,121.738746
臺北市文山區萬美街1段51號,25.0021799,121.5684884
金門縣金城鎮民生路４號,24.4329153,118.3203907
金門縣金沙鎮國中路21號,24.4891781,118.4143714
金門縣金寧鄉頂堡52號,24.4478159,118.338827
金門縣烈嶼鄉林湖村西宅7之5號,24.4295078,118.2475773
金門縣金湖鎮尚義機場2號,24.4312255,118.3639495
連江縣南竿鄉福沃村141號,26.15743,119.942305
連江縣南竿鄉馬祖村51-2號,26.15942,119.919324
臺北市南港區園區街3-2號H棟1樓,25.0584861,121.6118825
臺北市中山區樂群二路147號,25.0800846,121.5572827
金門縣金湖鎮林森路39號,24.4424719,118.4151569
連江縣莒光鄉西莒青帆村17號,25.9691879,119.9360209
連江縣北竿鄉塘岐村256號,26.224575,119.9972491
連江縣莒光鄉東莒大坪村55號,25.959544,119.973308
連江縣東引鄉樂華村69號,24.9944743,119.451303
金門縣烏坵鄉大坵村,26.3668998,120.4876771
基隆市仁愛區愛三路130號1F,25.1341957,121.7455897
基隆市中正區中正路56號,25.1301157,121.7438949
基隆市仁愛區港西街10號,25.1336808,121.7408074
基隆市七堵區明德一路171號,25.1305537,121.7363772
基隆市中正區中正路393巷18號,25.0970707,121.7127665
基隆市中山區新民路19號,25.1548806,121.7654093
基隆市中正區和一路129號,25.1510733,121.7664162
基隆市中正區北寧路2號,25.1508704,121.7724527
基隆市暖暖區過港路58號,25.1051754,121.7377734
基隆市仁愛區孝三路62號,25.130428,121.739696
基隆市中山區中華路3號,25.14522,121.738599
基隆市中正區八斗街14號,25.1399978,121.7962893
基隆市信義區信二路178號,25.1295447,121.7534923
基隆市信義區東信路123號,25.1282127,121.7638399
基隆市七堵區工東街64號,25.088355,121.703405
基隆市中正區中正路330號,25.1427811,121.7610311
基隆市仁愛區仁二路19號,25.1274428,121.750405
基隆市仁愛區光二路1號,25.1272943,121.7371781
基隆市安樂區樂利三街261號,25.126688,121.71585
基隆市仁愛區南榮路20號,25.1257172,121.7426484
基隆市暖暖區源遠路341號,25.0995529,121.7581825
基隆市安樂區安樂路2段132號,25.121575,121.723965
基隆市中山區復興路38號,25.1418582,121.7268869
基隆市七堵區百五街93號,25.084236,121.6980178
基隆市中正區中船路112巷28號,25.1384549,121.7524454
基隆市安樂區基金一路131-24號,25.1402316,121.7118286
新北市貢寮區貢寮街50號,25.0196089,121.9087472
新北市貢寮區仁和路230號,25.0536745,121.9240451
新北市萬里區瑪鋉路48號,25.1776274,121.6894601
基隆市暖暖區暖暖街190號,25.0992628,121.7355512
新北市金山區中山路97號,25.2191772,121.6399445
新北市雙溪區太平路81號,25.0358738,121.8650197
新北市瑞芳區中正路13號,25.1069679,121.80828
新北市瑞芳區基山街126號,25.1085342,121.8440764
新北市瑞芳區大埔路132-1號,25.1006538,121.7618075
新北市瑞芳區金光路51-1號,25.108306,121.857731
基隆市中正區新豐街482號2樓,25.1355277,121.7852193
新北市汐止區大同路2段393號,25.0673705,121.6578193
新北市汐止區大同路3段188-1號,25.07391,121.674551
新北市汐止區大同路1段322號,25.05852,121.637645
新北市汐止區康寧街426號,25.0680392,121.630716
新北市汐止區龍安路42號,25.063807,121.65434
新北市汐止區樟樹一路224號,25.0664749,121.642472
新北市汐止區永春一路5號,25.1125158,121.6032159
新北市汐止區新昌路72號,25.068871,121.6636089
新北市汐止區建成路58號,25.0729324,121.6635513
臺中市中區民權路86號,24.139116,120.678871
臺中市南區台中路100號,24.1332801,120.6833992
臺中市西區臺灣大道1段701號,24.147574,120.6736006
臺中市烏日區光日路123號,24.1054532,120.6246683
臺中市西屯區臺灣大道4段1727號(東海大學內),24.1790281,120.6016427
臺中市霧峰區民生路93號,24.0701891,120.7550109
臺中市霧峰區中正路806號,24.0617765,120.6984659
臺中市大雅區忠義里仁愛路100號,24.2346022,120.6209481
臺中市太平區長億一街53、55號,24.119952,120.719691
臺中市大里區至善路30號,24.0934145,120.7032128
臺中市太平區中山路1段325、327號,24.1450882,120.7342441
臺中市太平區光興路517、519號,24.1052183,120.7289779
臺中市北區三民路3段140號,24.1511597,120.6847728
臺中市西區自由路1段91號(臺中地方法院內),24.1345758,120.6758701
臺中市南區國光路297號,24.122648,120.6795442
臺中市中區公園路4號,24.1420907,120.6849086
臺中市南屯區南屯路2段405號,24.1470904,120.6380319
臺中市南區復興路2段169號,24.1274949,120.665667
臺中市大里區中興路2段212號,24.1030489,120.6887817
臺中市大雅區中清東路177號,24.2234574,120.6477801
臺中市東區力行路52巷5號,24.1511098,120.6957793
臺中市東區一心街403號,24.1406836,120.7022252
臺中市西屯區河南路2段268號,24.175272,120.649134
臺中市北區雙十路2段119號,24.1778249,120.669725
臺中市北屯區四平路1號,24.1571551,120.6904285
臺中市大里區中興路2段520號,24.135791,120.6105485
臺中市南屯區建功路50號,24.1766902,120.6376427
臺中市西屯區黎明路3段130號,24.11236,120.6900994
臺中市北區五權路311、313號,24.0888398,120.6951732
臺中市大里區中興路1段298-3號,24.1521069,120.6785953
臺中市東區建成路676、678號,24.1299792,120.7196956
臺中市太平區中興東路25號,24.1414296,120.6531416
臺中市北屯區進化北路37-1號,24.1317253,120.6897059
臺中市南屯區東興路2段186號,24.1144553,120.654697
臺中市北區漢口路3段189號,24.1947757,120.6798253
臺中市南區復興路1段236號,24.1700369,120.6996193
臺中市北屯區豐樂路2段162號,24.1627614,120.6911505
臺中市西區公益路193號,24.167123,120.671302
臺中市北屯區東山路1段38-1號,24.1497593,120.7125588
臺中市東區進化路184、186號,24.116098,120.66892
臺中市太平區中山路4段27號,24.153462,120.633725
臺中市西屯區青海路1段83號,24.1362221,120.6711825
臺中市南區南和路42、44號,24.150631,120.660753
臺中市西屯區工業區六路10號,24.1468305,120.694579
臺中市南屯區博愛街80巷49號,24.1646942,120.6542401
臺中市北屯區中清路2段830號,24.1699279,120.6064543
臺中市西區大全街42、44、46號,24.1867266,120.6636168
臺中市西屯區臺灣大道4段1650號(台中榮總內),24.183957,120.604835
臺中市北區民權路365號,24.1569959,120.670337
"臺中市北屯區環中東路2段253號,255號",24.1770622,120.7211607
臺中市北區健行路190號,24.1593013,120.686133
臺中市大里區永隆一街82號,24.1053018,120.6787406
臺中市烏日區仁德村信義街100號,24.1054579,120.6404832
臺中市太平區永豐路338號,24.113904,120.703535
臺中市西屯區永安里西屯路3段166-80號,24.1906027,120.6123475
臺中市北屯區文心路4段752號,24.1853478,120.699383
臺中市西區民生路200號,24.0613447,120.6433602
臺中市南屯區向上路2段199號,24.146749,120.640866
臺中市大雅區西寶里昌平路4段82號,24.2174294,120.6680949
臺中市大雅區中科路6號,24.2097656,120.6185631
臺南市北區成功路6、8號,22.9975773,120.2102911
臺南市南區西門路1段681號,22.9867928,120.1973668
臺南市中西區健康路1段260號,22.9814832,120.2044849
臺南市中西區興華街37號,22.992647,120.2111789
臺南市安平區安北路149-1號,23.0027661,120.1613067
臺南市中西區中正路42號,22.9922186,120.2022914
臺南市仁德區中正路1段32號,22.918979,120.2271812
臺南市東區大學路１號（光復校區內）,22.994772,120.2191974
臺南市永康區小東路481、483號,22.998719,120.235215
臺南市歸仁區中山路1段637號,22.9664967,120.294692
臺南市永康區中山路78號,23.0280775,120.2569788
臺南市永康區中正南路160號,23.0225156,120.2170925
臺南市東區崇德路678號,22.9674483,120.2274188
臺南市中西區民族路3段282號,23.0004239,120.1924714
臺南市中西區友愛街318號,22.9928213,120.1937269
臺南市中西區南門路93號,22.9887659,120.2047144
臺南市仁德區土庫路2號,22.9911765,120.2604002
臺南市北區公園路176-1號,22.9996031,120.208236
臺南市東區府連路433、435號,22.9862199,120.2169965
臺南市北區開元路162號,23.0070264,120.219776
臺南市南區大同路2段410號,22.9745095,120.2141777
臺南市永康區中山南路363號,23.0209081,120.245645
臺南市中西區西門路2段366號,22.9982616,120.2005654
臺南市南區灣裡路82號,22.9585821,120.2232073
臺南市仁德區二空路65號,22.9314165,120.1807157
臺南市北區長榮路5段266號,23.0129871,120.218083
臺南市東區東門路2段216號,22.9848581,120.2238241
臺南市仁德區中正路2段1118號,22.9697214,120.2521879
臺南市東區東寧路323號,22.9903038,120.2274933
臺南市北區西門路4段482號,23.016506,120.2111729
臺南市永康區民族路244號,23.0062363,120.2688858
臺南市安南區安和路5段119號,23.0416887,120.2398998
臺南市永康區中正北路79號,23.0655255,120.2182301
臺南市南區金華路1段292號,22.9683991,120.1904135
臺南市安南區安和路1段430號,23.034813,120.21319
臺南市南區安平工業區新義路1號,22.9698301,120.183141
臺南市安南區安中路3段106號,23.047924,120.18132
臺南市南區健康路2段182號,22.9817029,120.1926987
臺南市安南區國安街8號,23.0228323,120.1914251
臺南市安南區安中路6段712號,23.0649598,120.1284035
臺南市東區東和路45、47、49號,22.9985941,120.2294389
臺南市永康區中華路473號1F,23.0112401,120.231836
臺南市永康區永大路2段3號,23.000881,120.259207
臺南市仁德區中正路2段417、419號,22.9539803,120.2520264
臺南市永康區永康工業區環工路6號,23.0491136,120.2744253
臺南市安南區怡安路2段462號,23.0443281,120.197413
臺南市北區文成路765號,23.012154,120.195135
臺南市東區自由路三段386號,22.9826446,120.2372976
臺南市歸仁區中山路一段637號,22.9664967,120.294692
臺南市關廟區中央路222號,22.9652706,120.3604365
臺南市龍崎區崎頂里新市仔186號,22.9607763,120.3291965
臺南市關廟區文衡路20號,22.985069,120.1718371
臺南市安平區永華三街6號,22.960784,120.3261558
臺南市安平區健康路3段308號,22.9907541,120.1814755
臺南市安平區育平路333號,22.9929187,120.1674152
高雄市新興區中正三路177、179號,22.6310684,120.303811
高雄市左營區華夏路390號,22.673113,120.298869
高雄市苓雅區成功一路134號,22.614825,120.297629
高雄市旗津區中洲三路817號,22.6125109,120.2693897
高雄市鹽埕區五福四路133號,22.623052,120.284273
高雄市楠梓區楠梓新路247號,22.728428,120.325831
高雄市左營區實踐路43號,22.690181,120.293515
高雄市三民區建國三路2-2號,22.638437,120.301407
高雄市鼓山區臨海二路17號,22.6217959,120.2738492
高雄市前金區六合二路147號,22.6308312,120.2953933
高雄市鼓山區九如四路1020、1022號,22.6555736,120.2792697
高雄市仁武區水管路100-1號,22.7059261,120.3350318
高雄市左營區左營大路75號,22.6821638,120.2881571
高雄市左營區翠峰路2號,22.6709566,120.2901775
高雄市前金區自強二路104之1號,22.62632,120.295173
高雄市三民區熱河一街84、86號,22.6435459,120.3111508
高雄市前鎮區前鎮街92號,22.588939,120.3062771
高雄市苓雅區四維三路2號(市政大樓1樓),22.6204309,120.3120159
高雄市鼓山區鼓山二路166-12、13號,22.6372722,120.2807645
高雄市前鎮區三多三路139號,22.615815,120.310574
高雄市鹽埕區七賢二路470號,22.6295034,120.2843137
高雄市三民區中華三路270號,22.635638,120.293717
高雄市楠梓區新昌街53、55號,22.7098639,120.2987375
高雄市前鎮區中四路1號(前鎮加工區內),22.6012407,120.2912589
高雄市新興區復興二路171號,22.6250183,120.3083021
高雄市三民區建工路679、681號,22.647844,120.317341
高雄市小港區小港一街1號,22.5642042,120.3368631
高雄市苓雅區和平一路116號(高雄師範大學內),22.6259594,120.3208026
高雄市三民區九如二路661、663號,22.641674,120.293831
高雄市苓雅區三多一路237號,22.6222465,120.3303987
高雄市大社區自強街9號,22.7311705,120.3471163
高雄市楠梓區楠梓加工區中三街6號(楠梓加工出口區內),22.7238138,120.3022021
高雄市前鎮區復興三路94號,22.6098006,120.309985
高雄市小港區中山四路2號(小港國際機場內),22.570818,120.3426209
高雄市前鎮區草衙一路78、80號,22.583617,120.322546
高雄市前鎮區瑞隆路482號,22.6054131,120.32879
高雄市苓雅區中正一路322、324號,22.629859,120.326762
高雄市新興區七賢一路104、106號,22.633817,120.3142512
高雄市苓雅區三多二路249號,22.6191196,120.3208255
高雄市楠梓區右昌街347號,22.7146451,120.2888518
高雄市前鎮區后安路147號,22.5735166,120.3227139
高雄市小港區鳳林路82號,22.5264512,120.3465394
高雄市鼓山區九如四路2008、2010號,22.668007,120.286247
高雄市小港區中鋼路1號〈中鋼公司福利社內〉,22.5530391,120.348614
高雄市三民區九如一路952號,22.6404159,120.3165282
高雄市三民區博愛一路28號,22.6420913,120.3030622
高雄市三民區大順二路207號,22.64344,120.326252
高雄市小港區中鋼路3號(台船公司內),22.552346,120.3456189
高雄市仁武區仁武里中正路115號,22.7016929,120.3485659
高雄市三民區大昌二路517號,22.6512162,120.3303152
高雄市三民區博愛一路372號1樓,22.6509423,120.3039686
高雄市左營區富民路356號,22.6649353,120.3052464
高雄市三民區民族一路519號,22.6651723,120.3162269
高雄市楠梓區軍校路669號,22.7052357,120.2889025
高雄市前鎮區英德街149號,22.6139482,120.3214691
高雄市鼓山區蓮海路70號(西子灣國立中山大學內),22.6264249,120.265843
高雄市苓雅區武廟路83號,22.6305926,120.329786
高雄市三民區民壯路16、18、20、22號,22.6389069,120.340729
高雄市小港區中山四路7、9、11號,22.569247,120.347754
高雄市三民區大昌一路258號,22.6570256,120.3219962
高雄市苓雅區光華一路148-30號,22.622842,120.316225
高雄市鼓山區九如四路636、638號,22.6489754,120.2792122
高雄市楠梓區後昌路128號,22.718122,120.310145
高雄市三民區大豐二路203號,22.6459314,120.3300567
高雄市鼓山區中華一路316之3號,22.664832,120.291959
高雄市新興區新田路133號,22.6222064,120.3038159
高雄市楠梓區壽民路222號,22.7163451,120.296655
高雄市三民區十全一路100號(高雄醫學大學內),22.6473733,120.3097772
高雄市鼓山區明誠三路586號(高等法院高雄分院內),22.66137,120.299085
高雄市左營區大中一路386號(榮總高雄分院內),22.6784146,120.322725
高雄市小港區高鳳路33-3、4號,22.5744465,120.3713728
高雄市前金區市中一路171號(高雄地院內),22.6262827,120.2903603
高雄市旗津區旗津二路243號,22.5762952,120.2957071
高雄市小港區宏平路322號,22.569996,120.360411
高雄市三民區鼎強街264、266號,22.668172,120.3218973
高雄市三民區力行路89、91號,22.6384757,120.288448
高雄市鼓山區文信路327號,22.6644057,120.2984846
高雄市楠梓區建楠路3號,22.727281,120.329878
高雄市前鎮區瑞北路39號,22.6091204,120.3351013
高雄市小港區中智街1號,22.5290082,120.3659428
高雄市大樹區學城路1段1號,22.7271723,120.4058219
高雄市小港區桂華街130號,22.5832788,120.3580803
高雄市左營區博愛三路520、522、524、526號,22.679343,120.308766
高雄市左營區自由四路332號,22.6850231,120.316869
高雄市仁武區仁和里仁忠路79、81號,22.6773026,120.3560369
高雄市楠梓區興楠路180號,22.731406,120.335807
高雄市左營區民族一路853號,22.6768824,120.3184615
高雄市楠梓區德祥路129、131號,22.7269353,120.3100854
高雄市前鎮區中華五路963號,22.601496,120.3063301
高雄市仁武區八德南路396號,22.6723196,120.3429928
高雄市橋頭區經武路911號,22.7384544,120.3049089
嘉義市東區文化路134號,23.4779289,120.4500827
嘉義市東區中山路107號,23.4819687,120.4577705
嘉義縣水上鄉三鎮村三鎮路1號,23.414636,120.386356
嘉義縣水上鄉中庄村中庄61-61號,23.4210376,120.4371045
嘉義市西區中正路647號,23.4785518,120.4433233
嘉義市西區民權路467號,23.4817142,120.4455989
嘉義縣太保市後潭里439之2號,23.4527545,120.3408703
嘉義市東區民權路208-1號,23.4832756,120.4546396
嘉義市西區北興街245號,23.4855201,120.4382061
嘉義縣水上鄉中興路356號,23.43086,120.401314
嘉義市西區中興路672號,23.4724161,120.4287501
嘉義縣水上鄉三和村新厝仔2之4號,23.4542147,120.4089887
嘉義市西區北港路55、57號,23.4755071,120.436236
嘉義市東區中正路141號,23.4795417,120.4559444
嘉義縣番路鄉下坑村菜公店55號,23.46391,120.55457
嘉義市東區保健街30-5號,23.5010872,120.4551204
嘉義市東區興業東路12號,23.4690054,120.4536707
嘉義市西區成功街112號,23.4722115,120.4432073
嘉義市東區彌陀路268號,23.4739851,120.462824
嘉義市西區民生南路540號,23.4590011,120.4433944
嘉義市西區文化路456號,23.4887732,120.4467091
嘉義縣中埔鄉中埔村167號,23.4248055,120.5229184
嘉義市東區學府路300號,23.465364,120.4836329
嘉義縣中埔鄉和興村中華路889號,23.4505494,120.4596754
嘉義縣太保市北新里中山路1段470、472號,23.4985241,120.3794075
嘉義縣大埔鄉大埔村262號之1,23.2990713,120.5931501
嘉義縣竹崎鄉中山路68號,23.523413,120.5510252
嘉義縣竹崎鄉內埔村元興路127號,23.4880593,120.5585294
嘉義縣阿里山鄉中正村2鄰東阿里山53號,23.511426,120.804615
嘉義市東區林森東路488號,23.491945,120.470592
嘉義市西區南京路409號,23.4647486,120.4359513
嘉義縣太保市嘉太工業區中興路1號,23.508577,120.362772
嘉義縣民雄鄉東榮村民族路17號,23.5549804,120.4310003
嘉義縣民雄鄉頭橋工業區工業一路2號,23.519888,120.436068
嘉義縣民雄鄉三興村大學路1段168號,23.561461,120.473388
嘉義縣民雄鄉中山路7號,23.580711,120.5589724
嘉義縣梅山鄉中山路109號,23.523487,120.447439
嘉義縣新港鄉宮前村中正路8號,23.5550923,120.346246
嘉義縣六腳鄉蒜頭村126之1號,23.492655,120.2921563
嘉義縣朴子市嘉朴路西段8號1樓,23.4619493,120.2829458
嘉義縣義竹鄉仁里村422-2號,23.3373361,120.2433567
嘉義縣布袋鎮九龍里入船路2號,23.3779435,120.1579575
嘉義縣布袋鎮中安里頂厝11號,23.4204682,120.1826359
嘉義縣布袋鎮東港里埔仔厝86號之1,23.3738799,120.184792
嘉義縣布袋鎮復興里新塭24-17號,23.3243946,120.1620174
嘉義縣鹿草鄉西井村長壽路222號,23.411802,120.307685
嘉義縣朴子市光復路46號,23.4661543,120.2463155
嘉義縣朴子市永和里4-2號,23.4637049,120.2388137
嘉義縣東石鄉東石村34號,23.4558323,120.1505147
嘉義縣朴子市祥和二路西段6號,23.4580524,120.2897035
嘉義縣大林鎮平和街28-1號,23.602665,120.456802
嘉義縣竹崎鄉灣橋村五間厝3-1號,23.4927576,120.5020858
嘉義市西區保安一路241號,23.4929224,120.4349673
嘉義縣溪口鄉中正路131號,23.6038173,120.3956326
嘉義縣大林鎮中山路232號,23.6060429,120.4561684
新竹市東區武昌街81號,24.8025838,120.9673583
新竹市東區東門街51號,24.8040611,120.9728337
新竹市東區光復路2段99號,24.7959939,120.9976161
新竹市東區經國路1段452-1號,24.8149891,120.979354
新竹市北區光華北街87號,24.8168074,120.9711859
新竹市香山區內湖路68號,24.743843,120.90568
新竹市北區英明街10號,24.8067849,120.9674461
新竹市東區光復路1段313號,24.7825596,121.018828
新竹市北區東大路2段449號,24.8204181,120.960605
新竹市東區學府路128號,24.7958778,120.9844259
新竹市北區北大路471號,24.8017471,120.960466
新竹市香山區牛埔南路42號,24.7945759,120.9419146
新竹縣寶山鄉雙園路2段349號,24.7649011,120.9901542
新竹市北區竹光路218號,24.8115171,120.9566919
新竹市東區南大路428號,24.7971197,120.9686729
新竹市東區民主路18號,24.8090031,120.9813289
新竹市東區忠孝路434巷3號,24.802878,120.983034
新竹市北區西濱路1段480號,24.8416315,120.9336119
新竹市東區科學園區工業東二路2-1號,24.7799242,121.0046733
新竹市香山區中華路5段53號,24.7876921,120.92771
新竹市東區南大路621號,24.788028,120.967424
新竹市東區民生路243號,24.8122579,120.9752105
新竹市北區經國路2段56號1樓,24.8128836,120.9656679
新竹市東區建中一路8號,24.8007274,120.9941846
新竹市東區大學路1001號,24.7890674,120.9992634
新竹市北區竹光路500號,24.8054238,120.9510538
新竹縣新埔鎮中正路210號,24.827162,121.082494
新竹縣新埔鎮中正路411號,24.827883,121.075717
新竹縣竹北市福興東路二段138號,24.8145048,121.028373
新竹縣關西鎮正義路86號,24.7931814,121.1761031
新竹縣寶山鄉大崎村園區三路103號,24.772382,121.001171
新竹縣竹北市中正西路60號,24.8397973,121.0031953
新竹縣竹北市中正東路42號,24.8354409,121.0188216
新竹縣竹北市博愛街390號,24.8367525,121.0089351
新竹縣竹北市嘉興路457號,24.8220484,121.0324393
新竹縣竹北市縣政九路138號,24.828781,121.010865
新竹縣湖口鄉忠孝路26號,24.9004939,121.046222
新竹縣湖口鄉勝利路1段慈光9號,24.8688619,121.0356059
新竹縣新豐鄉振興街12號,24.9033097,120.9867893
新竹市香山區五褔路2段707號,24.7569467,120.9526109
新竹縣湖口鄉勝利路2段90-1號,24.8628,121.026351
新竹縣新豐鄉泰安街26號,24.8695523,120.994278
新竹縣湖口鄉大勇路6號,24.870831,121.014611
新竹縣竹北市成功八路166、168號,24.8175773,121.0182982
新竹縣湖口鄉成功路100號,24.9053382,121.0434606
新竹縣竹東鎮東林路128號,24.7368431,121.0927406
新竹縣芎林鄉文衡路426號,24.7721159,121.083726
新竹縣橫山鄉新興村新興街137號,24.7176021,121.14015
新竹縣橫山鄉內灣村中正路309號,24.706406,121.1807497
新竹縣五峰鄉大隘村6鄰95號(圖書館內),24.6321354,121.119545
新竹縣竹東鎮東寧路1段77號,24.7238569,121.095255
新竹縣尖石鄉嘉樂村2鄰麥樹仁46號,24.705358,121.201693
新竹縣竹東鎮中興路3段97號,24.7665755,121.0566308
新竹縣竹東鎮長春路2段60號,24.7382258,121.0882572
新竹縣竹東鎮中興路4段195號,24.7740919,121.0479329
新竹縣北埔鄉長興街1號,24.699979,121.054737
新竹縣峨眉鄉成功街26號,24.6884014,121.0200177
屏東縣屏東市民生路250號,22.670473,120.491605
屏東縣屏東市勝利路350號(屏東空軍機場內),22.678681,120.4674595
屏東縣屏東市林森路30-5號,22.6715234,120.4978211
屏東縣屏東市北平路26號,22.6758273,120.488805
屏東縣屏東市廣東路990號,22.6877316,120.4853547
屏東縣內埔鄉水門村成功路37號,22.709658,120.645564
屏東縣屏東市民族路182-2號,22.670914,120.4826001
屏東縣麟洛鄉麟蹄村中山路292號,22.6532802,120.5232774
屏東縣屏東市民生路61-7號,22.664166,120.503324
屏東縣長治鄉進興村復興路68號,22.676774,120.53082
屏東縣鹽埔鄉新二村彭厝路39號,22.741863,120.556128
屏東縣三地門鄉三地村行政街3號,22.7146667,120.6533337
屏東縣霧臺鄉霧台村中山巷66號,22.7438489,120.73139
屏東縣瑪家鄉涼山村涼山巷22-1號,22.690045,120.636254
屏東縣屏東市棒球路57號1樓,22.6557929,120.481517
屏東縣屏東市海豐街36-4號,22.7008545,120.5108479
屏東縣屏東市龍華路18號,22.638068,120.485074
屏東縣屏東市中正路247號,22.6821103,120.4917744
屏東縣屏東市廣東路458-5號,22.6804458,120.5017722
屏東縣屏東市勝利路123號,22.6793266,120.4859386
屏東縣屏東市光復路304號,22.669491,120.476494
屏東縣屏東市建國路182號,22.6654717,120.4789566
屏東縣長治鄉繁華村水源路90-1號,22.7022869,120.5737387
屏東縣屏東市前進里清進巷79-6號,22.648534,120.464714
屏東縣里港鄉春林村中山南路40號,22.7727121,120.494406
屏東縣里港鄉三廓村三和路127-1號,22.8099209,120.5028159
屏東縣高樹鄉高樹村興中路327號,22.8263424,120.6005038
高雄市茂林區茂林里8-3號,22.8865519,120.66446
屏東縣萬丹鄉萬全村萬丹路1段402號,22.5911138,120.4891445
屏東縣九如鄉東寧路190號,22.7337415,120.4903459
屏東縣鹽埔鄉鹽中村勝利路81-2號,22.756474,120.575658
屏東縣內埔鄉內埔村文化路277號,22.612388,120.567046
屏東縣內埔鄉龍潭村昭勝路265號,22.6746698,120.6007423
屏東縣內埔鄉豐田村中正路310號,22.6315755,120.5441166
屏東縣內埔鄉建興村100號(屏東榮家內),22.6550779,120.5753979
屏東縣內埔鄉老埤村學府路1號(屏東科技大學內),22.644444,120.609764
屏東縣萬丹鄉社皮村大昌路471號,22.6156814,120.4697786
屏東縣枋寮鄉中山路194號,22.3663835,120.5950403
屏東縣枋寮鄉中山路2段258號,22.3850938,120.5951631
屏東縣枋山鄉舊庄路47號,22.1984779,120.689669
屏東縣春日鄉春日路13號,22.3702596,120.6241172
屏東縣恆春鎮恆西路1巷32號,22.001583,120.7421983
屏東縣恆春鎮恆西路1巷32號,22.001583,120.7421983
屏東縣恆春鎮中正路51號,22.0026109,120.7449275
屏東縣車城鄉福興村中山路54號,22.0740317,120.7139128
屏東縣牡丹鄉石門村石門路31-3號,22.1252577,120.7736211
屏東縣滿州鄉中山路25號,22.018543,120.837955
屏東縣潮州鎮光春路13號,22.5445225,120.5371258
屏東縣潮州鎮新生路115號,22.5512999,120.5385971
屏東縣萬巒鄉萬和村中正路10號,22.571366,120.566112
屏東縣泰武鄉佳平村佳平巷102號,22.5913731,120.6309544
屏東縣來義鄉古樓村中正路6號,22.526154,120.635641
屏東縣潮州鎮長興路1-13、1-15號,22.5511256,120.5437156
屏東縣南州鄉仁里村三民路9號,22.489922,120.511038
屏東縣崁頂鄉崁頂村中正路220號,22.5145242,120.5135705
屏東縣竹田鄉竹田村中山路28號,22.586566,120.5429454
屏東縣竹田鄉西勢村光明路12-1號,22.6211256,120.5246342
屏東縣新埤鄉新埤村新華路123號,22.468468,120.550768
屏東縣林邊鄉中林村中山路116號,22.4335175,120.5161689
屏東縣佳冬鄉佳冬村佳和路86號,22.4143419,120.552084
屏東縣東港鎮頂新里中正路183號,22.4688925,120.4509558
屏東縣東港鎮光復路1段293號,22.4696421,120.460157
屏東縣新園鄉仙吉村仙吉路40號,22.5405898,120.4601945
屏東縣新園鄉中洲村南興路106號,22.486201,120.4585621
屏東縣琉球鄉本福村中山路105號,22.343406,120.373643
彰化縣彰化市中央路270號,24.0677369,120.5269842
彰化縣和美鎮彰美路5段331號,24.111099,120.4991768
彰化縣花壇鄉中正路316號,24.025643,120.538714
彰化縣彰化市中山路2段377號,24.074996,120.5438
彰化縣彰化市中正路1段214號,24.0839149,120.547728
彰化縣彰化市彰美路1段166號,24.0887199,120.538232
彰化縣芬園鄉芬草路2段225號,24.0135262,120.630601
彰化縣彰化市中華路369號,24.075948,120.535842
彰化縣線西鄉和線路949號,24.1303822,120.4707088
彰化縣彰化市中山路3段359號,24.0871263,120.5611259
彰化縣和美鎮彰新路3段123、125號,24.106429,120.530326
彰化縣彰化市中山路2段49號,24.068369,120.539943
彰化縣彰化市彰南路1段115號,24.0878091,120.5680894
彰化縣彰化市介壽北路88號,24.068964,120.548049
彰化縣彰化市進德路1號,24.0826667,120.5584256
彰化縣彰化市彰水路35-7號,24.0618931,120.5193983
彰化縣秀水鄉彰水路2段583號,24.0308489,120.496295
彰化縣伸港鄉中山路100號,24.1468504,120.484676
彰化縣彰化市民族路267號,24.0718967,120.5391977
彰化縣彰化市永安街198號,24.087524,120.54489
彰化縣彰化市彰南路2段209號,24.0850309,120.581368
彰化縣伸港鄉興工路67號,24.171435,120.510972
彰化縣彰化市光復路130號,24.0806389,120.5406604
彰化縣溪湖鎮彰水路3段430號,23.9626797,120.4802154
彰化縣埔鹽鄉彰水路2段100號,23.9922139,120.4772631
彰化縣溪湖鎮大公路34號,23.9604599,120.4755578
彰化縣鹿港鎮成功路1號,24.0553759,120.432336
彰化縣福興鄉員鹿路2段184號,24.039444,120.436209
彰化縣鹿港鎮鹿和路4段147號,24.088077,120.4825459
彰化縣鹿港鎮鹿草路1段449號,24.0655247,120.4359553
彰化縣福興鄉福工路1號,24.0119229,120.486984
彰化縣鹿港鎮頂草路4段406號,24.108125,120.459429
彰化縣北斗鎮光復路226號,23.874893,120.524368
彰化縣埤頭鄉斗苑西路187號,23.8913477,120.4608715
彰化縣田尾鄉光復路3段26號,23.8923886,120.5288003
彰化縣埤頭鄉溪林路273號,23.8468045,120.4606522
彰化縣溪州鄉中央路3段321號,23.8513404,120.4947509
彰化縣二林鎮仁愛路707號,23.9008394,120.3647471
彰化縣大城鄉北平路35號,23.8560461,120.321583
彰化縣芳苑鄉斗苑路芳苑段231號,23.9245695,120.3189972
彰化縣竹塘鄉竹林路1段366號,23.8610164,120.4268702
彰化縣二林鎮二溪路6段290號,23.954626,120.422875
彰化縣芳苑鄉芳漢路王功段300、302號,23.9607839,120.337499
彰化縣芳苑鄉建平村二溪路草2段462號,23.9580617,120.3828754
彰化縣員林市員東路2段490號,23.9576915,120.5773182
彰化縣大村鄉大溪路2號,23.994103,120.544834
彰化縣埔心鄉忠義北路70號,23.954138,120.5432438
彰化縣員林市員水路1段338號,23.9512008,120.5971915
彰化縣員林市大同路2段137號,23.9688697,120.5758524
彰化縣員林市新生路85號,23.95825,120.568534
彰化縣永靖鄉永靖街27號,23.920361,120.546642
彰化縣員林市中正路63、65號,23.950811,120.575568
彰化縣埔心鄉中山路66、68號,23.9387834,120.5593084
彰化縣員林市中正路457號,23.958592,120.5721969
彰化縣社頭鄉員集路2段195號,23.898377,120.5876303
彰化縣社頭鄉山腳路3段325號,23.919308,120.604639
彰化縣二水鄉員集路3段741號,23.8108881,120.615415
彰化縣田中鎮員集路2段305號,23.8568938,120.5858986
彰化縣田中鎮中南路2段430號,23.8529827,120.6057113
彰化縣田中鎮員集路2段616號,23.8636189,120.5855148
彰化縣和美鎮山犁里道周路458、460號,24.1082641,120.4952321
花蓮縣花蓮市中山路408號,23.983993,121.604241
花蓮縣花蓮市中山路92號,23.975342,121.6108491
花蓮縣花蓮市南京街221號,23.975386,121.6073779
花蓮縣新城鄉大漢村光復路578號,24.0324099,121.6062912
花蓮縣秀林鄉富世村天祥21號,24.1830639,121.494942
花蓮縣新城鄉新城村中山路45號,24.1262712,121.6529172
花蓮縣花蓮市府前路146號,23.9905117,121.6218024
花蓮縣吉安鄉慶豐村吉安路2段280號,23.993752,121.631117
花蓮縣花蓮市民權路132號,23.978419,121.566677
花蓮縣吉安鄉仁里村中正路1段48號,23.967483,121.592809
花蓮縣花蓮市民權路27號,23.983334,121.621659
花蓮縣秀林鄉和平村113號,24.3077645,121.7494511
花蓮縣花蓮市中華路335-5號,23.9909096,121.5956549
花蓮縣花蓮市富國路52號,23.9747402,121.5969991
花蓮縣壽豐鄉壽豐村中山路6段57號,23.8715005,121.5103681
花蓮縣壽豐鄉豐山村中山路127巷16弄5號,23.848273,121.4941502
花蓮縣壽豐鄉志學村中山路2段202號,23.905853,121.529893
花蓮縣吉安鄉中華路2段83號,23.9737549,121.5849361
花蓮縣花蓮市中山路188號,24.0102752,121.6180179
花蓮縣花蓮市華西路123號,23.9783642,121.6084444
花蓮縣吉安鄉永安村吉安路1段35號,23.7460461,121.449636
花蓮縣鳳林鎮光復路14號,23.9916714,121.5752855
花蓮縣鳳林鎮長橋路133號,23.8035382,121.4520629
花蓮縣鳳林鎮林榮路165號,23.7130365,121.4208623
花蓮縣光復鄉中正路1段124號,23.6653267,121.4246983
花蓮縣豐濱鄉光豐路48號,23.6018241,121.520501
花蓮縣光復鄉富田一街36號之1,23.6596751,121.448599
花蓮縣瑞穗鄉中山路1段120號,23.496783,121.380173
花蓮縣瑞穗鄉富源村中正路88號,23.57884,121.378155
花蓮縣玉里鎮光復路111號,23.331059,121.313921
花蓮縣玉里鎮中山路2段139號,23.3357534,121.3139856
花蓮縣卓溪鄉中正路61-1號,23.3459254,121.3043496
花蓮縣玉里鎮三民里90-3號,23.429744,121.349061
花蓮縣玉里鎮新興街91號,23.3392092,121.3120416
花蓮縣富里鄉中山路169號,23.176511,121.248247
花蓮縣富里鄉東里村道化路9號,23.2681309,121.3043268
花蓮縣新城鄉嘉新村花師街37號,24.0079881,121.6157397
花蓮縣壽豐鄉志學村大學路二段1號,23.8943519,121.5433333
高雄市鳳山區中山東路86-2號,22.624311,120.371934
高雄市鳳山區維武路1號(陸軍官校內),22.6193076,120.3654449
高雄市鳥松區中正路311號,22.6616673,120.3634799
高雄市鳳山區青年路2段634、636號,22.6458282,120.3496265
高雄市燕巢區義大路1號,22.7659067,120.3643555
高雄市鳳山區光復路2段132號(高雄市政府鳳山行政中心內),22.6299537,120.3437492
高雄市鳳山區文衡路236號,22.6383286,120.3562489
高雄市大寮區永芳里鳳林三路530號,22.6066343,120.3954997
高雄市鳳山區大東一路122、124號,22.621965,120.361007
高雄市鳳山區五甲三路45號,22.5924215,120.3273103
高雄市鳳山區勝利路50號,22.6337453,120.3745558
高雄市大寮區鳳屏一路370、372號,22.6373611,120.3942088
高雄市鳳山區五甲二路87、89、91號,22.6020228,120.3419017
高雄市鳳山區鳳松路11號,22.632412,120.360935
高雄市大寮區鳳林四路34至38號,22.614808,120.3882629
高雄市鳳山區大明路39、41號,22.6076876,120.3417415
高雄市鳥松區學堂路89號,22.6583324,120.3922792
高雄市鳳山區新富路391號,22.616274,120.348663
高雄市大樹區久堂里中興街143號,22.6556777,120.4201533
高雄市大樹區檨腳里中興西路40號,22.6912647,120.4314522
高雄市大寮區大寮路767號,22.5914396,120.4161696
高雄市鳳山區三民路289號,22.625602,120.357964
高雄市林園區東林里鳳林路1段176號,22.505891,120.397092
高雄市林園區林內里林內路153號,22.5349224,120.4014177
高雄市林園區東林里福興街104號,22.505127,120.394744
高雄市鳥松區鳥松里大埤路125號(長庚兒童醫院內),22.6496635,120.3561438
高雄市鳳山區中崙路576號,22.602108,120.3509169
高雄市鳳山區過勇路156、158號,22.5876083,120.362758
高雄市鳳山區經武路166、168號,22.635918,120.3641644
高雄市旗山區延平一路690號,22.8839349,120.4830054
高雄市旗山區延平二路8、10號,22.8817184,120.4925327
高雄市旗山區旗南二路192-1號,22.841923,120.463628
高雄市旗山區旗甲路2段354號,22.92249,120.497508
高雄市內門區內豐里內埔121號,22.938878,120.461521
高雄市杉林區上平里山仙路26號,22.9728418,120.5405178
高雄市旗山區中山路242號,22.8916655,120.481391
高雄市美濃區中正路1段39號,22.900599,120.541827
高雄市美濃區中興路1段788號,22.8867491,120.5315963
高雄市甲仙區林森路44號,23.082984,120.589074
高雄市那瑪夏區瑪雅里平和巷164號,23.2381279,120.696441
高雄市六龜區義寶里光復路173號,22.9945542,120.6352437
高雄市桃源區桃源里南進巷182號,23.1587663,120.764059
高雄市六龜區寶來街18-1號,23.1077447,120.6993813
高雄市岡山區民有路68號,22.7921402,120.2963979
高雄市岡山區介壽西路198號〈空軍航空技術學院內〉　,22.7860693,120.2784898
高雄市橋頭區橋頭里橋頭路113號,22.7576256,120.3112306
高雄市岡山區巨輪路1號〈空軍航空技術學院內〉,22.7972229,120.2785019
高雄市彌陀區彌陀里中正路7號,22.7793648,120.2497633
高雄市燕巢區南燕里中民路621號,22.7932468,120.3608424
高雄市燕巢區鳳雄里鳳旗路39號,22.7553554,120.3570843
高雄市梓官區梓義里中崙路260號,22.7611658,120.26883
高雄市永安區永華里永華路15號,22.8174081,120.2256337
高雄市梓官區港九街68號,22.7283615,120.2556128
高雄市田寮區南安里崗北路61號,22.8727953,120.3597207
高雄市阿蓮區清蓮里民生路101號,22.8832035,120.3268898
高雄市岡山區平和路65號,22.7943822,120.2948054
高雄市岡山區仁壽路215號,22.7858961,120.2858007
高雄市岡山區嘉興路255號,22.8217708,120.3036096
高雄市永安區永工二路1號(永安工業區內),22.8085911,120.2519029
高雄市湖內區中正路2段13號,22.908475,120.2148525
高雄市湖內區大湖里民權路243號,22.8925136,120.2421447
高雄市茄萣區進學路158號,22.904001,120.1867549
高雄市路竹區中興路11號,22.8609627,120.2607885
高雄市路竹區中山路1097號,22.8564947,120.2609629
高雄市路竹區大智路60號,22.8739414,120.2705287
高雄市岡山區大仁路89號,22.8055118,120.3016019
宜蘭縣宜蘭市中山路3段130號,24.7583061,121.7529674
宜蘭縣宜蘭市復興路3段100號,24.751561,121.739132
宜蘭縣宜蘭市中山路2段275號,24.7532039,121.7524551
宜蘭縣員山鄉員山路1段299號,24.7437941,121.7244085
宜蘭縣員山鄉榮光路353號,24.7211708,121.6879315
宜蘭縣宜蘭市西後街2-1號,24.7555702,121.7513135
宜蘭縣壯圍鄉壯五路327號,24.7467537,121.7844364
宜蘭縣宜蘭市東港路32-30號,24.752122,121.765615
宜蘭縣宜蘭市大坡路2段225號,24.779434,121.740716
宜蘭縣宜蘭市神農路1段1號,24.7462934,121.747584
宜蘭縣頭城鎮民鋒路15號,24.8585079,121.82316
宜蘭縣頭城鎮濱海路5段153號,24.9392264,121.8911867
宜蘭縣頭城鎮青雲路2段299號,24.8454193,121.8071105
宜蘭縣礁溪鄉礁溪路4段130號,24.8216061,121.769908
宜蘭縣礁溪鄉站前路19號,24.786959,121.762209
宜蘭縣礁溪鄉中山路2段196號,24.8272509,121.7744666
宜蘭縣宜蘭市縣政北路1號,24.7307144,121.7631164
宜蘭縣蘇澳鎮中山路1段1號,24.5959893,121.8530802
宜蘭縣蘇澳鎮江夏路13號,24.5817259,121.8652012
宜蘭縣蘇澳鎮蘇濱路1段301號,24.6134543,121.8491838
宜蘭縣蘇澳鎮大同路226號,24.6275309,121.8325108
宜蘭縣蘇澳鎮中山路1段253號,24.595499,121.8439111
宜蘭縣南澳鄉蘇花路3段171號,24.5197414,121.8323271
宜蘭縣南澳鄉蘇花路2段351號,24.4652378,121.8023266
宜蘭縣羅東鎮興東路69號,24.6775282,121.7681477
宜蘭縣五結鄉二結路27號,24.7025012,121.768207
宜蘭縣羅東鎮中正南路102號,24.6796346,121.7736293
宜蘭縣羅東鎮大同路44-6號,24.670064,121.771588
宜蘭縣五結鄉自強路165、167號,24.6670634,121.7680784
宜蘭縣冬山鄉義成路3段482號,24.6677023,121.822044
宜蘭縣五結鄉利成路2段468號,24.6837795,121.7950997
宜蘭縣羅東鎮中山路4段235號,24.67297,121.7585229
宜蘭縣羅東鎮復興路2段193號,24.6893814,121.7649987
宜蘭縣三星鄉太平路134號,24.6665701,121.6525006
宜蘭縣大同鄉崙埤村泰雅路1段58號,24.6758414,121.6095831
桃園市桃園區成功路1段51號,24.9921027,121.3111937
桃園市龜山區大崗里新興街99號,25.0506423,121.3576188
桃園市八德區介壽路1段842號,24.9612066,121.2994326
桃園市八德區建國路18號,24.9309981,121.2849015
桃園市桃園區民生路246-1號,24.995151,121.312797
桃園市龜山區豐美街2-1號,24.9931616,121.3345021
桃園市龜山區民安街120號,24.989711,121.3246439
桃園市桃園區中山路362號,24.992386,121.304833
桃園市桃園區大誠路9號,24.983703,121.322245
桃園市蘆竹區南山路1段105號,25.0542451,121.290552
桃園市桃園區龍安街12號,24.9873164,121.2819951
桃園市桃園區中正二街15號,25.0014,121.30768
桃園市桃園區壽昌街20巷27-1號及27-2號,24.9897099,121.2929505
桃園市桃園區春日路1360號,25.026725,121.306077
桃園市桃園區介壽路316及316-1號,24.9811781,121.3064681
桃園市桃園區永安路365號,24.999903,121.299661
桃園市桃園區桃鶯路354、356號,24.9779185,121.3221458
桃園市龜山區復興街5號(林口長庚醫院內),25.061085,121.367572
桃園市八德區介壽路2段1030號,24.932915,121.2972677
桃園市龜山區萬壽路1段374、376號,25.0170482,121.4009331
桃園市桃園區大業路1段372號,25.0132288,121.3121624
桃園市桃園區縣府路326、328、330號,24.9922719,121.300512
桃園市八德區永豐路581號,24.9752928,121.2714636
桃園市桃園區建國路156-8號,24.9852322,121.3098404
桃園市八德區介壽路2段298號,24.9496003,121.2974795
桃園市龜山區文化里文昌一街102號,25.0573036,121.3699414
桃園市蘆竹區南山路3段270、272號,25.0204224,121.2647364
桃園市蘆竹區大竹路385號,25.084504,121.286241
桃園市龜山區樹人路56號,25.047671,121.3512418
桃園市蘆竹區南崁路1段190號,25.0184698,121.2975899
桃園市桃園區中正路1214、1216號,25.0660225,121.1969081
桃園市大園區中山北路85號,25.053206,121.286315
桃園市大園區埔心街50號,25.053449,121.224232
桃園市大園區航勤北路20號,25.0868748,121.2406939
桃園市大園區臺灣桃園國際機場第二 航站大廈內,24.8794347,121.2883793
桃園市龜山區文化一路259號(長庚大學活動中心內),25.076204,121.233161
桃園市大溪區康莊路210號,25.0307388,121.3896892
桃園市蘆竹區南福街187、189號,25.0386187,121.2935073
桃園市復興區中正路62號,24.8156578,121.351275
桃園市大溪區介壽路42、44號,24.9228056,121.295022
桃園市大溪區介壽路890號,24.900324,121.283728
桃園市大溪區齋明街1號,24.8857149,121.270263
桃園市大溪區仁和路2段126號,24.9033929,121.2668808
臺中市豐原區中正路298號,24.2514989,120.714984
臺中市神岡區神岡路4號,24.2581031,120.6624938
臺中市石岡區石岡街86號,24.239804,120.710915
臺中市豐原區大明路12號,24.253743,120.7200053
臺中市豐原區三民路108號,24.2762335,120.7751699
臺中市沙鹿區東晉路253號,24.2229779,120.5702986
臺中市神岡區神清路273號,24.2710283,120.6566232
臺中市豐原區圓環東路402號,24.245188,120.724893
臺中市豐原區豐勢路1段576、578號,24.25959,120.734306
臺中市神岡區中山路611號,24.2468816,120.682082
臺中市豐原區博愛街112號,24.2488843,120.7197503
臺中市豐原區豐原大道7段25號,24.2638948,120.7195331
臺中市神岡區中山路49號,24.2485806,120.6979767
臺中市豐原區水源路594-2號,24.255128,120.728831
臺中市后里區公安路77號,24.3046672,120.7108557
臺中市神岡區豐洲路359號,24.2609735,120.7059196
臺中市后里區甲后路一段219號,24.3091424,120.7270709
臺中市后里區甲后路二段377號,24.3135279,120.693769
臺中市東勢區中山路43號,24.257015,120.830111
臺中市和平區博愛里東關路1段106號,24.2031446,121.0070942
臺中市新社區中興嶺170-2號,24.2056889,120.7943629
臺中市東勢區豐勢路188、190號,24.2502885,120.8306825
臺中市和平區梨山里中正路89號,24.2541283,121.2522262
臺中市新社區中和街5段1號,24.2478089,120.808706
臺中市豐原區鐮村路169號,24.231393,120.724746
臺中市和平區南勢里東關路3段160-9號,24.174906,120.882995
臺中市潭子區潭興路3段42號,24.2117834,120.7038403
臺中市潭子區南二路1-1號,24.2167346,120.7052606
臺中市潭子區中山路1段25號,24.1911159,120.7022981
臺中市潭子區昌平路3段116號,24.2082949,120.6738597
臺中市潭子區中山路3段334號,24.2314796,120.7089257
臺中市潭子區潭子街3段55號,24.2148742,120.7065796
臺中市大甲區新政路1號,24.34759,120.627237
臺中市大安區中山南路343號,24.3464605,120.5860898
臺中市大甲區順天路159號,24.3450712,120.6222652
臺中市外埔區甲后路三段923號,24.3331632,120.65186
臺中市大甲區中山路2段233號,24.405301,120.652038
臺中市大甲區幼獅路45號,24.3548028,120.6192339
臺中市大甲區經國路768號,24.262124,120.537127
臺中市梧棲區四維路129號,24.3812987,120.6551045
臺中市沙鹿區中山路341號,24.2392628,120.5598785
臺中市清水區中山路124號,24.2680589,120.575274
臺中市梧棲區梧棲路173號,24.2576,120.52954
臺中市龍井區龍新路163號,24.1966958,120.5470845
臺中市沙鹿區中山路584-1號,24.2528665,120.5676569
臺中市龍井區遊園南路171號,24.1824853,120.5844638
臺中市龍井區舊車路101之2號,24.1789423,120.5338372
臺中市沙鹿區台灣大道7段200號,24.2258027,120.5771913
臺中市清水區忠貞路39號,24.2719207,120.5581619
臺中市清水區高美路162-14號,24.281494,120.575188
臺中市梧棲區中央路1段921-2號,24.248484,120.538333
臺中市大肚區沙田路2段666號,24.1512319,120.5453059
臺中市大肚區沙田路1段564-5號,24.1251136,120.5618809
臺中市大肚區遊園路2段65、67號,24.1704254,120.5796019
臺中市龍井區中央路1段246、248號,24.2025195,120.5234206
臺南市新營區中山路126號,23.305135,120.31791
臺南市新營區新進路316號,23.3008911,120.3037248
臺南市新營區民治路27-13號,23.310772,120.317651
臺南市柳營區柳營路1段745號,23.2740006,120.3130949
臺南市新營區三民路180-3號,23.3056214,120.3086269
臺南市後壁區後壁里1-15號,23.365444,120.3626295
臺南市後壁區菁寮里79-1號,23.3787684,120.3347892
臺南市鹽水區中山路6號,23.3200184,120.2670826
臺南市新營區太北里9-5號,23.294795,120.278866
臺南市後壁區福安里下寮102-16號,23.3308534,120.3542881
臺南市鹽水區忠孝路54號,23.3099648,120.271833
臺南市下營區慈惠街129號,23.2359992,120.2667464
臺南市六甲區民生街2號,23.2271977,120.3516805
臺南市白河區三民路410號,23.351609,120.416252
臺南市東山區東中里新東路1段18號,23.3225279,120.4024012
臺南市白河區內角里24-1號,23.398458,120.439064
臺南市白河區仙草里仙草63-1號,23.3438651,120.4762023
臺南市東山區東原里170號,23.2654859,120.444429
臺南市柳營區重溪里12-4號,23.2875539,120.366169
臺南市下營區中營里893號,23.218466,120.2777684
臺南市新化區中正路312號,23.0319531,120.30895
臺南市山上區山上里250號,23.1011436,120.3559102
臺南市左鎮區中正里15-3號,23.0581702,120.4062296
臺南市新化區中山路320號,23.0359552,120.3069313
臺南市玉井區中正路19號,23.1227006,120.4595136
臺南市楠西區東勢路117號,23.1773067,120.486046
臺南市楠西區密枝里70號(曾文水庫管理局內),23.2210752,120.4983124
臺南市南化區南化里115-11號,23.043013,120.4759482
臺南市佳里區延平路375號,23.1636404,120.1781039
臺南市將軍區西華里1-1號,23.199111,120.157445
臺南市西港區中山路351號,23.1233904,120.2029777
臺南市七股區大埕里296號,23.143086,120.142387
臺南市佳里區興化里492-8號,23.1892699,120.1881488
臺南市佳里區中山路141號,23.1573379,120.177184
臺南市北門區北門里舊埕91號,23.2676249,120.1247209
臺南市學甲區中正路318號,23.235039,120.180887
臺南市麻豆區興國路25號,23.1816479,120.248121
臺南市麻豆區南勢里106號,23.18408,120.267605
臺南市麻豆區新生南路17號,23.1842542,120.2412981
臺南市善化區中正路332號,23.1268554,120.2941051
臺南市大內區大內里7-2號,23.118571,120.360228
臺南市善化區成功路41號,23.127516,120.3170029
臺南市新市區大營里131-18、131-19號,23.092444,120.308908
臺南市善化區溪美里204號,23.1529669,120.288449
臺南市安定區保西里449號,23.1218306,120.2366209
臺南市善化區文昌里益民寮60號(亞蔬中心內),23.114283,120.298477
臺南市新市區仁愛街217號,23.0757574,120.2934028
臺南市官田區勝利路2號,23.1931829,120.314557
臺南市官田區二鎮里工業路23號(官田工業區內),23.210168,120.323264
臺南市新市區南科六路6號,23.105762,120.2800909
臺南市善化區中山路371號,23.1321277,120.2920909
澎湖縣馬公市中正路70號,23.567074,119.5655753
澎湖縣馬公市東文里新店路465號1樓,23.5633908,119.5829359
澎湖縣西嶼鄉池東村212之1號,23.5996211,119.5109469
澎湖縣望安鄉東安村4之3號,23.3593329,119.5075624
澎湖縣七美鄉海豐村10鄰19號,23.2054321,119.4259788
澎湖縣白沙鄉大赤崁356號,23.6669443,119.5983337
澎湖縣馬公市中華路84號,23.5710127,119.5727196
澎湖縣湖西鄉湖西村77-11號,23.5843473,119.6569837
澎湖縣馬公市鎖港里1483號,23.5242926,119.5963469
澎湖縣湖西鄉隘門村27之1號,23.565566,119.635505
臺東縣臺東市大同路126號,22.7527597,121.1539659
臺東縣蘭嶼鄉紅頭村37號,22.0250869,121.5542373
臺東縣臺東市新生路706號,22.7641442,121.1355651
臺東縣綠島鄉南寮村186號,22.6685186,121.468803
臺東縣臺東市中山路382號,22.7532278,121.1484043
臺東縣臺東市博愛路135號,22.7597022,121.1514164
臺東縣臺東市更生北路42號,22.7777694,121.1262675
臺東縣東河鄉都蘭村201號,22.8746103,121.2287668
臺東縣延平鄉桃源村昇平路30號,22.9024275,121.0850711
臺東縣臺東市青海路4段370號,22.7081029,121.0412561
臺東縣鹿野鄉中華路1段427號,22.9104848,121.1359908
臺東縣臺東市中興路4段615號,22.7743521,121.0893674
臺東縣卑南鄉明峰村文泰路12號,22.8571794,121.092706
臺東縣太麻里鄉泰和村太麻里街191號,22.6097891,121.0050143
臺東縣太麻里鄉金崙村323號,22.5338978,120.9637724
臺東縣臺東市鄭州街3號1樓,22.7615759,121.144189
臺東縣臺東市中華路2段168號,22.7444539,121.1382529
臺東縣關山鎮中正路25號,23.1243488,121.2179307
臺東縣海端鄉海端村山界27號,23.1005909,121.3784047
臺東縣池上鄉中山路201號,23.047852,121.1607539
臺東縣成功鎮中華路77號,23.100686,121.176715
臺東縣長濱鄉長濱村中興路16號,23.317528,121.454713
臺東縣東河鄉泰源村本部落246號,22.9984408,121.2863973
臺東縣大武鄉大武村大武街60號,22.3576996,120.9052262
臺東縣達仁鄉安朔村復興路130號,22.2948191,120.8826006
臺東縣鹿野鄉瑞源村瑞景路1段388號,22.957126,121.15821
臺東縣臺東市中興路2段436號,22.7687484,121.1237437
桃園市中壢區建國路36號,24.9554909,121.225018
桃園市中壢區中山東路2段24號,24.9541359,121.2373641
桃園市中壢區忠勤街25號,24.9744395,121.2557269
桃園市中壢區龍東路750號,24.9383822,121.261598
桃園市中壢區龍岡路3段756號,24.925772,121.243711
桃園市觀音區大同里新華路2段596號,25.0111717,121.1374929
桃園市平鎮區廣明路71.73號1樓,24.9538823,121.2134513
桃園市中壢區莊敬路856號1樓,24.9639446,121.2541765
桃園市平鎮區延平路2段221號,24.945478,121.209548
桃園市中壢區國立中央大學內,24.9694808,121.1925163
桃園市觀音區中山路40號,25.0351555,121.0845159
桃園市中壢區中華路1段905、907號,24.9666599,121.244335
桃園市中壢區私立中原大學內,24.957537,121.2410215
桃園市中壢區元化路2段126號,24.962969,121.219281
桃園市平鎮區中豐路山頂段296號,24.8973909,121.2110386
桃園市中壢區幸福新村1號,24.9553194,121.2644959
桃園市中壢區龍岡路1段229號,24.9480259,121.226143
桃園市平鎮區金陵路2段59號,24.9419719,121.223201
桃園市中壢區龍文街29號,24.9709945,121.2357238
桃園市中壢區南園二路4號,24.9354866,121.2554973
桃園市中壢區榮民路53、55號,24.969278,121.2611139
桃園市中壢區中央西路2段271、273號,24.9614455,121.2115541
桃園市平鎮區金陵路3段235-1、235-2號,24.924762,121.228093
桃園市新屋區中山西路3段222、224號,24.9878328,121.041381
桃園市觀音區工業五路3號(觀音工業區管理中心內),25.0529873,121.1176982
桃園市新屋區中山路279號,24.9726767,121.1046159
桃園市中壢區環北路413號,24.9659039,121.2261759
桃園市平鎮區高雙路181號,24.9168693,121.2091822
桃園市中壢區中正路4段85、87號,24.9883859,121.180387
桃園市平鎮區興安路120號,24.954506,121.1894501
桃園市龍潭區中正路151號,24.866656,121.216914
桃園市龍潭區中正路三坑段743號,24.831723,121.244305
桃園市龍潭區佳安路3號,24.8458118,121.2342496
桃園市龍潭區中正路三林段500號,24.8346544,121.2411026
桃園市龍潭區中興路280號,24.883338,121.212113
桃園市龍潭區中豐路508號,24.8742607,121.2341237
桃園市龍潭區文化路1000號(行政院核能研究所內),24.8557482,121.2530867
桃園市龍潭區南龍路70號,24.8638923,121.2122228
桃園市龍潭區中原路1段573號,24.8462773,121.1987584
桃園市楊梅區大平街7號,24.910644,121.1476724
桃園市楊梅區中山北路1段168號,24.9351906,121.0815591
桃園市楊梅區富岡里中華街48號,24.9080422,121.1532542
桃園市楊梅區中興路25號,24.9186683,121.1842392
桃園市楊梅區獅二路2號(幼獅工業區管理中心內),25.0481511,121.1436376
桃園市觀音區大觀路2段32之1號,24.9260069,121.175085
桃園市楊梅區電研路240號,24.9161571,121.1457717
桃園市楊梅區金德路51號,24.9542705,121.1673231
桃園市楊梅區秀才路205號,24.9011138,121.1408571
桃園市楊梅區萬大路116巷46、48、50號1樓,24.9098027,121.1765485
苗栗縣苗栗市中正路532號,24.5584337,120.8208391
苗栗縣頭屋鄉尖豐路17號,24.576325,120.854271
苗栗縣苗栗市中正路138號,24.566789,120.823911
苗栗縣苗栗市中正路961號,24.550191,120.81619
苗栗縣西湖鄉金獅村11-6號,24.5594574,120.759121
苗栗縣苗栗市至公路至公路448號,24.5641299,120.811823
苗栗縣苗栗市中華路629號,24.5855305,120.8249743
苗栗縣苗栗市國華路158號,24.5745101,120.829464
苗栗縣公館鄉大同路115號,24.501597,120.828014
苗栗縣公館鄉鶴山村239號,24.5315728,120.8320426
苗栗縣銅鑼鄉中正路153號,24.4882583,120.7871053
苗栗縣苗栗市忠孝路119號,24.5628643,120.8183695
苗栗縣後龍鎮中龍里中華路161號,24.614288,120.786089
苗栗縣通霄鎮通西里中正路74號,24.4904958,120.6800121
苗栗縣通霄鎮白東里142號,24.4222344,120.8681684
苗栗縣大湖鄉中正路42號,24.5643128,120.7089839
苗栗縣獅潭鄉新店村7鄰58-2號,24.541872,120.922282
苗栗縣泰安鄉清安村洗水坑23號,24.446263,120.9055606
苗栗縣三義鄉中正路101號,24.414283,120.772563
苗栗縣苑裡鎮忠勇街15號,24.4418611,120.6534707
苗栗縣苑裡鎮舊社里63號,24.4159249,120.6848254
苗栗縣苑裡鎮社苓里90-5號,24.4021918,120.6754455
苗栗縣竹南鎮民族街86號,24.6859027,120.878531
苗栗縣造橋鄉造橋村平仁路32號,24.6406883,120.8660984
苗栗縣竹南鎮中正路244號,24.6833064,120.8668533
苗栗縣竹南鎮科研路36號1樓101室,24.7070693,120.9232159
苗栗縣造橋鄉大西村大西一街98號,24.691583,120.879794
苗栗縣竹南鎮光復路352號,24.6228477,120.8908441
苗栗縣頭份市和平路102號,24.681548,120.944878
苗栗縣頭份市中正二路157號,24.6859884,120.906205
苗栗縣三灣鄉中正路310號,24.6883985,120.9142585
苗栗縣頭份市民族路738號,24.685191,120.886506
苗栗縣頭份市中正路221-1號,24.656626,120.958894
苗栗縣南庄鄉中正路202號,24.6039043,121.00086
苗栗縣頭份市中華路87號,24.664266,120.879676
苗栗縣頭份市建國路150號,24.6962415,120.9091844
苗栗縣卓蘭鎮中山路133號,24.3133584,120.8243115
雲林縣斗六市西平路1號,23.706729,120.53962
雲林縣莿桐鄉中山路71號,23.7564316,120.499537
雲林縣斗六市仁義路89號,23.679119,120.538531
雲林縣斗六市榴中里工業路77號,23.7218426,120.5889975
雲林縣斗六市慶生路37號,23.712992,120.539621
雲林縣斗六市永安路8號,23.710611,120.54769
雲林縣莿桐鄉永基路23之7號,23.7759328,120.524707
雲林縣林內鄉中正路332號,23.7563958,120.6134114
雲林縣古坑鄉中山路123號,23.6443901,120.5619952
雲林縣古坑鄉文化路96號,23.684127,120.5687307
雲林縣古坑鄉草嶺村37-29號,23.5837402,120.6934892
雲林縣斗南鎮中山路77號,23.675217,120.479174
雲林縣大埤鄉中山路6號,23.6456065,120.4318845
雲林縣斗南鎮中和路54號,23.641334,120.48282
雲林縣斗南鎮光興路78號,23.6895191,120.481974
雲林縣西螺鎮福興路167-1號,23.7998271,120.4605836
雲林縣西螺鎮埔心路164號,23.7982037,120.4414655
雲林縣虎尾鎮林森路1段495號,23.7091994,120.4336319
雲林縣虎尾鎮光復路387號,23.7098031,120.4378246
雲林縣二崙鄉中山路1段178號,23.771285,120.414988
雲林縣二崙鄉文化路260、262號,23.7953728,120.3845463
雲林縣虎尾鎮文化路64號,23.7031081,120.4301509
雲林縣土庫鎮大同路65號,23.6760081,120.3948758
雲林縣土庫鎮馬光路177-5號,23.7052015,120.3531574
雲林縣崙背鄉民主路5號,23.7595297,120.3526952
雲林縣麥寮鄉光復路24號,23.7473704,120.2560128
雲林縣臺西鄉中山路161號,23.700203,120.1986813
雲林縣褒忠鄉三民路44號,23.693262,120.311675
雲林縣東勢鄉東南村東勢西路32號,23.675917,120.252614
雲林縣麥寮鄉台塑工業園區1號,23.8011888,120.2130106
雲林縣麥寮鄉橋頭村仁德路96-1號,23.7963365,120.2775581
雲林縣北港鎮文化路54號,23.5706262,120.3024542
雲林縣北港鎮中山路6號,23.5643148,120.3040828
雲林縣北港鎮民有路26號,23.5735217,120.3016862
雲林縣水林鄉水林路10號,23.5725751,120.2461867
雲林縣口湖鄉湖東村廟前街26號,23.5857745,120.1829302
雲林縣口湖鄉光明路36號,23.546361,120.19127
雲林縣四湖鄉中正路347號,23.6365653,120.225712
雲林縣元長鄉仁愛路3號,23.6495472,120.3139039
新北市板橋區文化路1段395號,25.0222021,121.4672614
新北市板橋區大觀路1段47號,25.0076672,121.4481827
新北市土城區中央路2段160號,24.9766509,121.441752
新北市板橋區實踐路128號,25.0028994,121.4643138
新北市板橋區中山路2段109號,25.016309,121.474591
新北市板橋區莒光路213號,25.0230609,121.4742611
新北市板橋區府中路16號,25.00985,121.460103
新北市板橋區民族路263號,25.0069346,121.4705113
新北市板橋區中正路35號,25.013057,121.456121
新北市土城區三民路4號,24.963093,121.4207861
新北市板橋區南雅南路1段123號,25.004638,121.4552822
新北市土城區青雲路228、230號,24.9809054,121.4589377
新北市板橋區國慶路132號,24.995872,121.460986
新北市板橋區裕民街135號,25.027279,121.459042
新北市板橋區四川路2段123號1樓,24.994071,121.4513358
新北市板橋區中山路2段422-13號,25.0217008,121.4846716
新北市板橋區漢生東路171號,25.0122805,121.469499
新北市板橋區中正路332號,25.0221859,121.45455
新北市土城區中央路1段240號,24.9850279,121.444604
新北市板橋區仁化街40-1號,25.0316023,121.4749719
新北市板橋區國光路205號,25.0186794,121.4619118
新北市板橋區三民路1段120號,25.0207696,121.4790749
新北市板橋區大觀路2段313號,24.9984599,121.441881
新北市土城區金城路2段249號(地方法院內),24.9845329,121.4582095
新北市土城區金城路3段185號,24.9889969,121.4696499
新北市土城區明德路2段58號,24.9833988,121.4487197
新北市板橋區中山路1段161號B1,25.0122763,121.4655369
新北市板橋區金門街278號,24.9860879,121.4294767
新北市三峽區民生街66號,24.9363376,121.3744761
新北市三峽區中正路2段269號,24.911489,121.366213
新北市三峽區中山路11號,24.9341518,121.3696159
新北市三峽區介壽路3段47號,24.9373179,121.395544
新北市三峽區大學路151號,24.9455821,121.3717858
新北市鶯歌區中正一路47號,24.9538909,121.352305
新北市鶯歌區鶯桃路2段60號,24.9731889,121.3249663
新北市鶯歌區中正3路208之4號,24.9380158,121.3322283
新北市鶯歌區鶯桃路135巷1號,24.9545652,121.337899
新北市新店區北新路2段177號,24.9770716,121.542672
新北市新店區安康路1段50-1號,24.9614734,121.5295582
新北市新店區新烏路2段392、394號,24.9093507,121.5512503
新北市新店區錦秀路5號,24.9449729,121.479462
新北市新店區北新路3段116號,24.9815469,121.541885
新北市新店區郵政路1號,24.953348,121.557597
新北市新店區安康路2段179號,24.9591918,121.5096159
新北市新店區北新路1段273號,24.966784,121.540951
新北市新店區復興路30號,24.9868983,121.5391621
新北市新店區中央路232號,24.9727489,121.5293392
新北市坪林區北宜路8段282號,24.9734308,121.538877
新北市新店區中正路253號,24.9719878,121.5174096
新北市新店區寶中路94-2號1樓,24.9798255,121.5489124
新北市新店區安民街206號,24.9349566,121.7089434
新北市烏來區烏來里溫泉街69號,24.8607766,121.5518346
新北市新店區安和路3段57號,24.9826753,121.5178186
新北市新店區安康路3段47號,24.9525721,121.4929086
新北市新店區北宜路1段47號,24.957143,121.538369
新北市新店區屈尺路64號,24.982898,121.533499
新北市新店區中正路493之5號,24.9228683,121.5469836
新北市新店區中正路35號,24.9696309,121.5449046
新北市新店區中華路74號,24.970098,121.5390246
新北市新店區如意街112號,24.9468579,121.496702
新北市永和區中興街1號,25.0123193,121.5153436
新北市永和區福和路154、156號,25.008078,121.521614
新北市永和區永和區自由街53號,24.9972699,121.5153309
新北市永和區中正路91號,25.0055629,121.5138109
新北市永和區永亨路178號,25.0027822,121.5258932
新北市永和區中山路1段249、251號,25.0076109,121.50779
新北市中和區民樂路17號,25.001185,121.499895
新北市中和區泰和街6號,25.001227,121.482319
新北市中和區中山路2段362號,25.003059,121.4924275
新北市中和區景新街442號,24.996853,121.4923196
新北市中和區連城路192-1號,24.9880952,121.5131661
新北市中和區中正路277號1樓,24.9936008,121.4952275
新北市中和區自立路147號,24.9931821,121.5225587
新北市中和區中山路3段110號,25.0064441,121.4765214
新北市中和區宜安路99號,24.9976629,121.51042
新北市中和區國光街159號1樓,25.001185,121.468588
新北市中和區中興街132號,24.9919701,121.499759
新北市樹林區保安街1段325號,24.997887,121.417313
新北市樹林區佳園路1段28號,24.9711708,121.3927897
新北市樹林區中正路708號,25.0177328,121.409187
新北市樹林區鎮前街25號,24.9923799,121.425854
新北市樹林區育英街36號,24.989253,121.4215951
新北市樹林區佳園路3段47號,24.9535638,121.3878839
新北市樹林區樹新路229號,25.0007532,121.4310501
新北市樹林區中正路248巷12號,25.0076849,121.41819
新北市樹林區中華路134、136號,24.9803861,121.4171085
新北市樹林區三福街70巷1號,25.0164435,121.4047533
新北市中和區南山路320巷7號,24.9864374,121.5066392
南投縣南投市三和二路30號,23.9043839,120.6884859
南投縣中寮鄉永平路133號,23.8783012,120.7685384
南投縣南投市南崗一路34號,23.9008441,120.684257
南投縣南投市成功三路136-1號,23.929931,120.665704
南投縣中寮鄉龍南路45-12號,23.9417331,120.778063
南投縣南投市民族路91、93號,23.910151,120.691715
南投縣南投市中山街259號,23.9105181,120.683924
南投縣南投市中學路4號,23.949518,120.694397
南投縣南投市中正路648號,23.9394321,120.697178
南投縣集集鎮民生路110-1號,23.8285773,120.7860792
南投縣草屯鎮中正路606號,23.979131,120.686294
南投縣草屯鎮博愛路449、451號。,23.9856953,120.6844614
南投縣草屯鎮碧山南路20、22號,23.978166,120.6809562
南投縣水里鄉中富街28號,23.8173026,120.8542686
南投縣水里鄉民生路167號,23.8112428,120.8555569
南投縣信義鄉玉山路44號,23.6970386,120.8540235
南投縣信義鄉同和巷72-7號,23.591089,120.88958
南投縣名間鄉南雅街65號,23.836643,120.701965
南投縣名間鄉名松路2段212號,23.8344921,120.6357398
南投縣名間鄉彰南路405-5號,23.8777542,120.6931799
南投縣名間鄉南田路125號,23.8738266,120.6546444
南投縣草屯鎮中正路286-5號。,23.9794151,120.7203694
南投縣竹山鎮前山路1段2號,23.7568571,120.682149
南投縣鹿谷鄉中正路2段115號,23.747306,120.753065
南投縣竹山鎮集山路1段1234號,23.813863,120.733057
南投縣竹山鎮集山路3段99號,23.765007,120.704607
南投縣竹山鎮集山路3段589、591號,23.7600538,120.6907418
南投縣鹿谷鄉清水村仁愛路103號,23.7920249,120.7832447
南投縣埔里鎮南昌街284號,23.9676878,120.9622043
南投縣仁愛鄉仁和路83號,24.0230475,121.132403
南投縣埔里鎮北平街131號,23.966331,120.967548
南投縣埔里鎮中山路3段648號,23.971218,120.948561
南投縣仁愛鄉大安路38號,23.9580329,121.151407
南投縣埔里鎮西安路3段249巷2號,24.0375699,120.92523
南投縣埔里鎮東榮路77號,23.9632409,120.9670167
南投縣埔里鎮和平東路490號,23.9716503,120.9768129
南投縣埔里鎮中正路265號,23.9726273,120.9631678
南投縣魚池鄉魚池街364號,23.8969567,120.9366457
南投縣魚池鄉名勝街36號,23.8646394,120.910932
南投縣魚池鄉集里路4號,23.832502,120.895586
南投縣國姓鄉中興路303號,24.038417,120.8544836
南投縣國姓鄉中正路4段168號,23.982882,120.871126
南投縣國姓鄉大長路345-1號,24.0705981,120.8758598
新北市三重區新北大道1段17號,25.0612511,121.4877716
新北市三重區正義南路10號,25.0615734,121.4981644
新北市三重區忠孝路1段6之2號,25.0716221,121.4922938
新北市三重區光復路1段140號,25.0529114,121.4718964
新北市三重區溪尾街112號,25.0789831,121.4893982
新北市三重區成功路52-2號,25.0504047,121.4887118
新北市三重區中正北路278號,25.0684978,121.4807064
新北市三重區介壽路5號,25.069163,121.499178
新北市三重區重新路1段52號,25.0636031,121.5027486
新北市三重區仁義街168號,25.0810979,121.4968951
新北市林口區中正路115號,25.0771565,121.3936872
新北市林口區仁愛路1段2號(國立台灣師範大學林口校區),25.0689501,121.401775
新北市林口區麗園一街6巷1號1F之1,25.07006,121.376632
新北市林口區林口路208號,25.0833677,121.3870864
新北市蘆洲區三民路97號,25.0850205,121.4736895
新北市蘆洲區中正路172號(國立空中大學內),25.0870514,121.4687093
新北市蘆洲區中山一路37號,25.0808089,121.478988
新北市蘆洲區光華路108號,25.082664,121.467306
新北市蘆洲區長安街225號,25.0827515,121.4594731
新北市蘆洲區民族路271號1樓,25.0906751,121.4760375
新北市五股區成泰路3段541號,25.1015907,121.4516394
新北市五股區中興路1段5號,25.0742364,121.4662136
新北市五股區中興路4段48巷15號,25.083433,121.438384
新北市五股區成泰路1段77號,25.0683375,121.4350983
新北市八里區訊塘路13號.,25.144844,121.3978879
新北市八里區龍形二街7號,25.1311465,121.4502249
新北市淡水區中正路203號,25.1746031,121.4502623
新北市淡水區英專路151號(淡江大學內),25.1718795,121.4375463
新北市淡水區民權路75號,25.1387185,121.4599488
新北市淡水區大忠街9、11號,25.1761607,121.44331
新北市淡水區學府路29、31、33號,25.1871366,121.4437784
新北市淡水區中山北路2段375號,25.2904784,121.5667565
新北市三芝區淡金路2段17號,25.035258,121.449682
新北市石門區中山路80號,25.0624077,121.4335865
新北市泰山區工專路84號(明志科技大學內),25.0417279,121.4206147
新北市新莊區復興路2段22號,25.0439533,121.454377
新北市新莊區中華路2段160號,25.0511785,121.4533896
新北市新莊區明志路15號,25.0290081,121.4199181
新北市新莊區化成路87號,25.0465679,121.465335
新北市新莊區幸福路723號,25.048932,121.449481
新北市泰山區南林路101號,25.0476508,121.4156145
新北市五股區登林路76之10號,25.0694909,121.4296349
新北市泰山區明志路1段510、512號,25.0541888,121.4302831
新北市新莊區新樹路457號,25.0132794,121.4328358
新北市新莊區後港一路34、36號,25.026096,121.4255479
新北市新莊區思源路213號,25.0230262,121.4134001
新北市新莊區新泰路333號,25.0414906,121.4251116
新北市泰山區明志路3段85號,25.0569082,121.4434312
新北市新莊區民安西路85號,25.046026,121.459594
新北市林口區文化二路1段8號,25.0418194,121.4447835
新北市新莊區中平路439號北棟1樓,25.0642899,121.460038
